{
    "base_spec": "/pa/units/land/base_structure/base_structure.json",
    "display_name": "!LOC(units:metal_storage.message):Metal Storage",
    "description": "!LOC(units:manufacturing_increases_maximum_metal_storage_capacity.message):Manufacturing- Increases maximum metal storage capacity.",
    "max_health": 250,
    "build_metal_cost": 5,
    "atrophy_rate": 7.5,
    "atrophy_cool_down": 15,
    "spawn_layers": "WL_AnyHorizontalGroundOrWaterSurface",
    "area_build_type": "Sphere",
    "storage": {
        "metal": 50
    },
    "unit_types": [
        "UNITTYPE_Structure",
        "UNITTYPE_Basic",
        "UNITTYPE_CmdBuild",
        "UNITTYPE_FabBuild",
        "UNITTYPE_FabAdvBuild",
        "UNITTYPE_Economy"
    ],
    "recon": {
        "observer": {
            "items": [
                {
                    "layer": "surface_and_air",
                    "channel": "sight",
                    "shape": "capsule",
                    "radius": 75
                }
            ]
        }
    },
    "model": [
        {
            "layer": "WL_LandHorizontal",
            "filename": "/pa/units/land/metal_storage/metal_storage.papa",
            "skirt_decal": "/pa/effects/specs/skirt_metal.json"
        },
        {
            "layer": "WL_WaterSurface",
            "filename": "/pa/units/sea/sea_metal_storage/sea_metal_storage.papa"
        }
    ],
    "events": {
        "build_complete": {
            "audio_cue": "/SE/Build_Complete/metal"
        },
        "died": {
            "audio_cue": "/SE/Death/Factory",
            "effect_scale": 0.8
        }
    },
    "audio": {
        "selection_response": {
            "cue": "/SE/Selection/structure/metal"
        }
    },
    "headlights": [
        {
            "gobo": "/pa/effects/textures/gobo/spotlight_gobo.papa",
            "offset": [
                0,
                -9.63,
                13
            ],
            "orientation": [
                0,
                23,
                0
            ],
            "near_width": 8,
            "near_height": 8,
            "near_distance": 5,
            "far_distance": 25,
            "color": [
                1,
                1,
                1
            ],
            "intensity": 2
        }
    ],
    "lamps": [
        {
            "offset": [
                2.5,
                9.59,
                8.54
            ],
            "radius": 11,
            "color": [
                1,
                1,
                1
            ],
            "intensity": 1
        },
        {
            "offset": [
                -2.5,
                9.59,
                8.54
            ],
            "radius": 11,
            "color": [
                1,
                1,
                1
            ],
            "intensity": 1
        },
        {
            "offset": [
                0,
                -9.63,
                13
            ],
            "radius": 4,
            "color": [
                1,
                1,
                1
            ],
            "intensity": 3
        }
    ],
    "mesh_bounds": [
        18,
        18,
        17.151
    ],
    "TEMP_texelinfo": 21.4256
}