{
    "base_spec": "/pa/tools/base_missile_turret/base_missile_turret.json",
    "ammo_id": "/pa/units/land/bot_tactical_missile/bot_tactical_missile_ammo.json",
    "ammo_source": "energy",
    "rate_of_fire": 1,
    "ammo_capacity": 3000,
    "ammo_demand": 50,
    "ammo_per_shot": 1500,
    "max_range": 250,
    "yaw_rate": 0,
    "pitch_rate": 0,
    "yaw_range": 0,
    "pitch_range": 0,
    "firing_arc_yaw": 360,
    "firing_arc_pitch": 360,
    "auto_attack": true,
    "spread_fire": true,
    "target_layers": [
        "WL_LandHorizontal",
        "WL_WaterSurface",
        "Orbital"
    ]
}