{
  "base_spec": "/pa/tools/base_tool/base_turret.json",
    "ammo_id": "/pa/units/sea/nuclear_sub/nuclear_sub_ammo_missile.json",
    "ammo_source": "energy",
    "ammo_capacity": 3000,
    "ammo_demand": 50,
    "ammo_per_shot": 3000,
  "rate_of_fire": 1,
  "max_range": 1000,
  "yaw_rate": 0,
  "pitch_rate": 0,
  "yaw_range": 180,
  "pitch_range": 180,
  "firing_arc_yaw": 180,
  "firing_arc_pitch": 180,
  "lifetime": 0,
  "target_layers": [
    "WL_LandHorizontal",
    "WL_WaterSurface"
  ]
}