{
    "base_spec": "/pa/units/sea/base_ship/base_ship.json",
    "display_name": "Kraken",
    "description": "Firs Strategic nukes, only detectable in water.",
    "max_health": 125,
    "build_metal_cost": 750,
    "spawn_layers": "WL_Underwater",
    "mesh_bounds": [
        5,
        35,
        5
    ],
    "production": {
        "metal": -10
    },
    "unit_types": [
        "UNITTYPE_Naval",
        "UNITTYPE_Nuke",
        "UNITTYPE_Mobile",
        "UNITTYPE_Offense",
        "UNITTYPE_Advanced",
        "UNITTYPE_Sub",
        "UNITTYPE_FactoryBuild"
    ],
    "command_caps": [
        "ORDER_Move",
        "ORDER_Patrol",
        "ORDER_Assist",
        "ORDER_Attack"
    ],
    "navigation": {
        "type": "underwater",
        "acceleration": 3,
        "brake": 15,
        "move_speed": 11,
        "turn_speed": 20,
        "dodge_radius": 10,
        "dodge_multiplier": 0,
        "wobble_factor": 0,
        "wobble_speed": 0
    },
    "physics": {
        "underwater": true,
        "radius": 6,
        "push_class": 2
    },
    "recon": {
        "observable": {
            "layer": "underwater"
        },
        "observer": {
            "items": [
                {
                    "layer": "underwater",
                    "channel": "sight",
                    "shape": "capsule",
                    "radius": 50
                }
            ]
        }
    },
    "model": {
        "filename": "/pa/units/sea/nuclear_sub/nuclear_sub.papa",
        "animations": {
            "start": "/pa/units/sea/nuclear_sub/nuclear_sub_anim_start.papa",
            "end": "/pa/units/sea/nuclear_sub/nuclear_sub_anim_end.papa"
        },
        "animtree": "/pa/anim/anim_trees/nuclear_sub_anim_tree.json"
    },
    "tools": [
        {
            "spec_id": "/pa/units/sea/nuclear_sub/nuclear_sub_tool_weapon_missile.json",
            "aim_bone": "socket_muzzle02",
            "record_index": 1,
            "fire_event": "fired1",
            "muzzle_bone": [
                "socket_muzzle02",
                "socket_muzzle03",
                "socket_muzzle04",
                "socket_muzzle05"
            ]
        }
    ],
    "death_weapon": {
        "ground_ammo_spec": "/pa/ammo/self_destruct/Sub_death.json"
    },
    "events": {
        "build_complete": {
            "audio_cue": "/SE/Build_Complete/sea"
        },
        "fired0": {
            "audio_cue": "/SE/Weapons/sea/torpedo_fire",
            "effect_spec": "/pa/effects/specs/tank_muzzle_flash.pfx socket_muzzle01",
            "effect_scale": 5
        },
        "fired1": {
            "audio_cue": "/SE/Weapons/sea/nuclear_sub_fire"
        },
        "died": {
            "audio_cue": "/SE/Death/Sea_sub",
            "effect_spec": "/pa/effects/specs/default_building_explosion.pfx",
            "effect_scale": 1.5
        }
    },
    "audio": {
        "loops": {
            "move": {
                "cue": "/SE/Movement/sea/nuclear_sub_loop",
                "flag": "vel_changed",
                "should_start_func": "is_moving",
                "should_stop_func": "is_not_moving"
            }
        }
    },
    "TEMP_texelinfo": 16.0481
}