{
    "base_spec": "/pa/units/orbital/base_orbital/base_orbital.json",
    "display_name": "Solar Array",
    "description": "Manufacturing- Produces equal to the T1 energy plant. But ORBITAL.",
    "max_health": 250,
    "build_metal_cost": 100,
    "spawn_layers": "WL_Orbital",
     "armor_type": "AT_Orbital",
    "attachable": {
        "offsets": {
            "root": [
                0,
                0,
                0
            ]
        }
    },
    "production": {
        "energy": 50
    },
    "unit_types": [
        "UNITTYPE_Structure",
        "UNITTYPE_Orbital",
        "UNITTYPE_EnergyProduction",
        "UNITTYPE_Economy",
		"UNITTYPE_Important",
		"UNITTYPE_Basic",
        "UNITTYPE_FabOrbBuild"
    ],
    "command_caps": [
        "ORDER_Assist"
    ],
    "physics": {
        "radius": 8,
        "push_class": 25,
        "gravity_scalar": 0.001
    },
    "recon": {
        "observer": {
            "items": [
                {
                    "layer": "orbital",
                    "channel": "sight",
                    "shape": "sphere",
                    "radius": 100
                }
            ]
        }
    },
    "model": {
        "filename": "/pa/units/orbital/solar_array/solar_array.papa",
        "animations": {
            "open": "/pa/units/orbital/solar_array/solar_array_anim_open.papa",
            "closed": "/pa/units/orbital/solar_array/solar_array_anim_closed.papa",
            "deploy": "/pa/units/orbital/solar_array/solar_array_anim_deploy.papa"
        },
        "animtree": "/pa/anim/anim_trees/satellite_launched_anim_tree.json"
    },
    "events": {
        "build_complete": {
            "audio_cue": "/SE/Build_Complete/orbital"
        },
        "fired": {
            "audio_cue": "/SE/Weapons/air/bomber_fire"
        },
        "died": {
            "audio_cue": "/SE/Death/orbital",
            "effect_scale": 1.5
        }
    },
    "mesh_bounds": [
        50,
        15,
        6
    ],
    "TEMP_texelinfo": 25
}