{
    "base_spec": "/pa/ammo/base_missiles/base_missile_aa_seeking.json",
  "damage": 1,
  "splash_damage": 1,
  "splash_radius": 150,
  "full_damage_splash_radius": 100,
  "splash_damages_allies": true,
    "initial_velocity": 150,
    "max_velocity": 150,
    "turn_rate": 360,
    "lifetime": 2,
  "sim_impact_effect":"/pa/effects/large_missile/nuke_orbital_ent.json",
    "model": {
        "filename": "/pa/units/orbital/orbital_fighter/orbital_fighter.papa"
    },
    "fx_trail": {
        "filename": "/pa/units/air/missile_nuke/missile_nuke_trail.pfx",
        "offset": [
            0,
            5.0,
            0
        ]
    },
	"physics": {
        "radius": 1,
        "push_class": 1,
        "gravity_scalar": 5,
        "ignore_gravity": true,
        "add_to_spatial_db": false
    },
  "damage_volume": {
    "initial_radius": 1,
    "radius_velocity": 30,
    "radius_accel": 0,
    "delay": 0
  },
    "armor_damage_map": {
        "AT_Orbital": 500.0
    }
}