{
    "base_spec": "/pa/units/orbital/base_orbital/base_orbital.json",
    "display_name": "Boom-venger",
    "description": "Orbital fighter- Fast moving orbital fighter for offense and defense.",
    "build_metal_cost": 100,
    "max_health": 100,
    "gravwell_velocity_multiplier": 6,
    "wreckage_health_frac": 0,
    "spawn_layers": "WL_Orbital",
    "armor_type": "AT_Orbital",
    "attachable": {
        "offsets": {
            "root": [
                0,
                0,
                0
            ]
        }
    },
    "unit_types": [
        "UNITTYPE_Mobile",
        "UNITTYPE_Offense",
        "UNITTYPE_Orbital",
        "UNITTYPE_Fighter",
        "UNITTYPE_Advanced",
        "UNITTYPE_FactoryBuild"
    ],
    "command_caps": [
        "ORDER_Move",
        "ORDER_Patrol",
        "ORDER_Attack",
        "ORDER_Assist"
    ],
    "guard_layer": "WL_Orbital",
    "navigation": {
        "type": "orbital",
        "acceleration": 20,
        "brake": 20,
        "move_speed": 45,
        "turn_speed": 120,
        "circle_min_time": 2,
        "circle_max_time": 4,
        "hover_time": -1,
        "aggressive_behavior": "circle",
        "aggressive_distance": 150,
        "bank_factor": 1
    },
    "physics": {
        "radius": 5,
        "push_class": 15,
        "gravity_scalar": 0.001
    },
    "recon": {
        "observer": {
            "items": [
                {
                    "layer": "orbital",
                    "channel": "sight",
                    "shape": "sphere",
                    "radius": 200
                }
            ]
        }
    },
    "model": {
        "filename": "/pa/units/orbital/orbital_fighter/orbital_fighter.papa",
        "animations": {
            "deploy": "/pa/units/orbital/orbital_fighter/orbital_fighter_anim_deploy.papa",
            "closed": "/pa/units/orbital/orbital_fighter/orbital_fighter_anim_closed.papa"
        },
        "animtree": "/pa/anim/anim_trees/orbital_fighter_anim_tree.json"
    },
    "fx_offsets": [
        {
            "type": "moving",
            "filename": "/pa/units/air/gunship/gunship_jets.pfx",
            "bone": "bone_body",
            "offset": [
                0,
                8.9,
                0
            ],
            "orientation": [
                0,
                0,
                0
            ]
        }
    ],
    "events": {
        "build_complete": {
            "audio_cue": "/SE/Build_Complete/orbital"
        },
        "fired": {
            "audio_cue": "/SE/Weapons/orb/orb_fighter_fire",
            "effect_spec": "/pa/effects/specs/default_muzzle_flash.pfx socket_muzzle"
        },
        "died": {
            "audio_cue": "/SE/Death/orbital",
      "effect_spec": "/pa/effects/specs/default_explosion.pfx"
        }
    },
    "mesh_bounds": [
        20,
        16,
        5.3
    ],
    "TEMP_texelinfo": 17.7177
}