{
    "base_spec": "/pa/tools/base_missile_turret/base_missile_turret.json",
    "ammo_id": "/pa/units/land/air_defense_adv/air_defense_adv_ammo.json",
	"ammo_source": "energy",
    "rate_of_fire": 5,
	"ammo_capacity": 10,
    "ammo_demand": 10,
    "ammo_per_shot": 2,
    "max_range": 150,
    "yaw_rate": 3600,
    "pitch_rate": 3600,
    "yaw_range": 360,
    "pitch_range": 89,
    "spread_fire": true,
    "auto_attack": true,
    "target_layers": [
        "WL_Air"
    ],
    "target_priorities": [
        "Air & Bomber",
        "Air & Gunship",
        "Air & Mobile"
    ]
}