{
    "base_spec": "/pa/units/land/base_structure/base_structure.json",
    "display_name": "!LOC(units:energy_plant.message):Energy Plant",
    "description": "!LOC(units:basic_manufacturing_produces_energy.message):Basic manufacturing- Produces energy.",
    "max_health": 250,
    "build_metal_cost": 10,
    "atrophy_rate": 7.5,
    "atrophy_cool_down": 15,
    "spawn_layers": "WL_AnyHorizontalGroundOrWaterSurface",
    "area_build_type": "Line",
    "production": {
        "energy": 5
    },
    "unit_types": [
        "UNITTYPE_Structure",
        "UNITTYPE_EnergyProduction",
        "UNITTYPE_Basic",
        "UNITTYPE_CmdBuild",
        "UNITTYPE_FabBuild",
        "UNITTYPE_Economy"
    ],
    "recon": {
        "observer": {
            "items": [
                {
                    "layer": "surface_and_air",
                    "channel": "sight",
                    "shape": "capsule",
                    "radius": 75
                }
            ]
        }
    },
    "model": [
        {
            "layer": "WL_LandHorizontal",
            "filename": "/pa/units/land/energy_plant/energy_plant.papa",
            "animations": {
                "idle": "/pa/units/land/energy_plant/energy_plant_anim_work.papa"
            },
            "animtree": "/pa/anim/anim_trees/constant_idle_anim_tree.json",
            "skirt_decal": "/pa/effects/specs/skirt_energy.json"
        },
        {
            "layer": "WL_WaterSurface",
            "filename": "/pa/units/sea/sea_energy_plant/sea_energy_plant.papa",
            "animations": {
                "idle": "/pa/units/land/energy_plant/energy_plant_anim_work.papa"
            },
            "animtree": "/pa/anim/anim_trees/constant_idle_anim_tree.json"
        }
    ],
    "events": {
        "build_complete": {
            "audio_cue": "/SE/Build_Complete/energy"
        },
        "died": {
            "audio_cue": "/SE/Death/Factory",
            "effect_scale": 0.5
        }
    },
    "audio": {
        "selection_response": {
            "cue": "/SE/Selection/structure/energy"
        }
    },
    "fx_offsets": [
        {
            "type": "idle",
            "filename": "/pa/units/land/energy_plant/energy_plant_idle.pfx",
            "offset": [
                0,
                0,
                5
            ]
        }
    ],
    "headlights": [
        {
            "gobo": "/pa/effects/textures/gobo/spotlight_gobo.papa",
            "offset": [
                5.25,
                0,
                6.75
            ],
            "orientation": [
                35,
                0,
                0
            ],
            "near_width": 5.5,
            "near_height": 5.5,
            "near_distance": 2.5,
            "far_distance": 15,
            "color": [
                1,
                1,
                1
            ],
            "intensity": 1
        },
        {
            "gobo": "/pa/effects/textures/gobo/spotlight_gobo.papa",
            "offset": [
                -5.25,
                0,
                6.75
            ],
            "orientation": [
                -35,
                0,
                0
            ],
            "near_width": 5.5,
            "near_height": 5.5,
            "near_distance": 2.5,
            "far_distance": 15,
            "color": [
                1,
                1,
                1
            ],
            "intensity": 1
        },
        {
            "gobo": "/pa/effects/textures/gobo/spotlight_gobo.papa",
            "offset": [
                0,
                -5.25,
                6.75
            ],
            "orientation": [
                0,
                35,
                0
            ],
            "near_width": 5.5,
            "near_height": 5.5,
            "near_distance": 2.5,
            "far_distance": 15,
            "color": [
                1,
                1,
                1
            ],
            "intensity": 1
        }
    ],
    "lamps": [
        {
            "offset": [
                5.25,
                0,
                6.75
            ],
            "radius": 2,
            "color": [
                1,
                1,
                1
            ],
            "intensity": 2
        },
        {
            "offset": [
                -5.25,
                0,
                6.75
            ],
            "radius": 2,
            "color": [
                1,
                1,
                1
            ],
            "intensity": 2
        },
        {
            "offset": [
                0,
                -5.25,
                6.75
            ],
            "radius": 2,
            "color": [
                1,
                1,
                1
            ],
            "intensity": 2
        },
        {
            "offset": [
                0,
                -2.71,
                1.1
            ],
            "radius": 3,
            "color": [
                1,
                1,
                1
            ],
            "intensity": 1,
            "bone": "bone_rotor"
        },
        {
            "offset": [
                -2.44,
                1.34,
                1.1
            ],
            "radius": 3,
            "color": [
                1,
                1,
                1
            ],
            "intensity": 1,
            "bone": "bone_rotor"
        },
        {
            "offset": [
                2.44,
                1.34,
                1.1
            ],
            "radius": 3,
            "color": [
                1,
                1,
                1
            ],
            "intensity": 1,
            "bone": "bone_rotor"
        }
    ],
    "mesh_bounds": [
        10,
        10,
        11.3
    ],
    "placement_size": [
        12,
        12
    ],
    "TEMP_texelinfo": 15.8224
}