{
    "base_spec": "/pa/units/land/base_structure/base_structure.json",
    "display_name": "!LOC(units:flak_cannon.message):Flak Cannon",
    "description": "!LOC(units:advanced_turret_equipped_with_anti_air_turret.message):Advanced turret- Equipped with anti-air turret.",
    "max_health": 500,
    "build_metal_cost": 20,
    "atrophy_rate": 26.66667,
    "atrophy_cool_down": 15,
    "area_build_separation": 18,
    "spawn_layers": "WL_AnyHorizontalGroundOrWaterSurface",
    "unit_types": [
        "UNITTYPE_Structure",
        "UNITTYPE_Basic",
        "UNITTYPE_Land",
        "UNITTYPE_AirDefense",
        "UNITTYPE_Defense",
        "UNITTYPE_FabBuild"
    ],
    "command_caps": [
        "ORDER_Attack"
    ],
    "guard_layer": "WL_Air",
    "recon": {
        "observer": {
            "items": [
                {
                    "layer": "surface_and_air",
                    "channel": "sight",
                    "shape": "capsule",
                    "radius": 150
                }
            ]
        }
    },
    "model": [
        {
            "layer": "WL_LandHorizontal",
            "filename": "/pa/units/land/air_defense_adv/air_defense_adv.papa",
            "animtree": "/pa/anim/anim_trees/air_defense_adv_anim_tree.json",
            "skirt_decal": "/pa/effects/specs/skirt_air_defense_adv.json"
        },
        {
            "layer": "WL_WaterSurface",
            "filename": "/pa/units/sea/air_defense_adv/air_defense_adv.papa",
            "animtree": "/pa/anim/anim_trees/fabrication_turret_anim_tree.json"
        }
    ],
    "nearby_target_tick_update_interval": 3,
    "tools": [
        {
            "spec_id": "/pa/units/land/air_defense_adv/air_defense_adv_tool_weapon.json",
            "aim_bone": "bone_pitch",
            "muzzle_bone": [
                "socket_rightMuzzle01",
                "socket_leftMuzzle01",
                "socket_rightMuzzle02",
                "socket_leftMuzzle02"
            ]
        },
		{
            "spec_id": "/pa/units/land/air_defense_adv/air_defense_flak_antimissile_tool_weapon.json",
            "aim_bone": "bone_pitch",
            "muzzle_bone": [
                "socket_rightMuzzle01",
                "socket_leftMuzzle01",
                "socket_rightMuzzle02",
                "socket_leftMuzzle02"
            ]
		}
    ],
    "events": {
        "build_complete": {
            "audio_cue": "/SE/Build_Complete/structure_small"
        },
        "fired": {
            "audio_cue": "/SE/Weapons/structure/air_defense_flak_fire",
            "effect_spec": "/pa/effects/specs/default_muzzle_flash.pfx socket_rightMuzzle01 /pa/effects/specs/default_muzzle_flash.pfx socket_leftMuzzle01"
        },
        "died": {
            "audio_cue": "/SE/Death/structure_small",
            "effect_scale": 0.5
        }
    },
    "mesh_bounds": [
        7,
        7,
        9.4
    ],
    "TEMP_texelinfo": 9.09853
}