{
    "display_name": "Nuke Mine",
    "description": "Nuke mine- Detonates when enemy units are in proximity With a Tactical Nuke.",
    "strategic_icon_priority": 3,
    "max_health": 10,
    "build_metal_cost": 10,
    "wreckage_health_frac": 0,
    "spawn_layers": "WL_AnyHorizontalGroundOrWaterSurface",
    "area_build_type": "Sphere",
    "area_build_separation": 5,
    "unit_types": [
        "UNITTYPE_Basic",
        "UNITTYPE_Land",
        "UNITTYPE_Defense",
        "UNITTYPE_FabBuild",
        "UNITTYPE_CmdBuild",
        "UNITTYPE_FabAdvBuild"
    ],
    "armor_type": "AT_Mine",
    "physics": {
        "type": "Structure",
        "shape": "Box",
        "radius": 1,
        "push_class": 255,
        "allow_pushing": false,
        "push_sideways": false,
        "allow_underground": false,
        "ignore_collisions": true
    },
    "recon": {
        "observable": {
            "layer": "mine"
        },
        "observer": {
            "items": [
                {
                    "layer": "surface_and_air",
                    "channel": "radar",
                    "shape": "sphere",
                    "radius": 2
                }
            ]
        }
    },
    "tools": [
        {
            "spec_id": "/pa/units/land/land_mine/land_mine_tool_weapon.json",
            "aim_bone": "bone_root",
            "muzzle_bone": "bone_root"
        }
    ],
    "death_weapon": {
        "ground_ammo_spec": "/pa/ammo/self_destruct/adv_pgen.json"
    },
    "model": [
        {
            "layer": "WL_LandHorizontal",
            "filename": "/pa/units/land/land_mine/land_mine.papa"
        },
        {
            "layer": "WL_WaterSurface",
            "filename": "/pa/units/sea/sea_mine/sea_mine.papa"
        }
    ],
    "events": {
        "build_complete": {
            "audio_cue": "/SE/Build_Complete/barrier"
        },
        "died": {
            "audio_cue": "/SE/Death/barrier",
            "effect_spec": "/pa/units/land/bot_bomb/bot_bomb_ammo_explosion.pfx"
        }
    },
    "mesh_bounds": [
        4,
        4,
        1
    ],
    "TEMP_texelinfo": 2.37699
}