{
    "base_spec": "/pa/tools/base_missile_turret/base_missile_turret.json",
    "ammo_id": [
        {
            "layer": "WL_AnyLand",
            "id": "/pa/units/land/bot_missile/bot_aa_ammo.json"
        }
    ],
    "rate_of_fire": 0.75,
    "max_range": 100,
    "yaw_rate": 3600,
    "pitch_rate": 3600,
    "yaw_range": 180,
    "pitch_range": 85,
    "auto_attack": true,
    "spread_fire": true,
    "target_layers": [
	    "WL_LandHorizontal",
        "WL_WaterSurface",
        "WL_Air"
    ]
}