{
    "base_spec": "/pa/units/sea/base_ship/base_ship.json",
    "display_name": "!LOC(units:advanced_fabrication_ship.message):Advanced Fabrication Ship",
    "description": "!LOC(units:advanced_fabricator_wired_to_build_naval_structures.message):Advanced fabricator- Wired to build naval structures.",
    "max_health": 250,
    "build_metal_cost": 200,
    "spawn_layers": "WL_WaterSurface",
    "attachable": {
        "offsets": {
            "root": [
                0,
                0,
                0
            ],
            "head": [
                0,
                0,
                4
            ]
        }
    },
    "unit_types": [
        "UNITTYPE_Fabber",
        "UNITTYPE_Construction",
        "UNITTYPE_Naval",
        "UNITTYPE_Mobile",
        "UNITTYPE_Advanced",
        "UNITTYPE_FactoryBuild"
    ],
    "command_caps": [
        "ORDER_Move",
        "ORDER_Patrol",
        "ORDER_Build",
        "ORDER_Reclaim",
        "ORDER_Repair",
        "ORDER_Assist"
    ],
    "transportable": {
        "size": 1
    },
    "buildable_types": "Naval & Structure & Advanced | Naval & Factory & Advanced | FabAdvBuild | FabBuild",
    "physics": {
        "shape": "sphere",
        "radius": 6,
        "push_class": 3,
        "allow_pushing": true
    },
    "navigation": {
        "type": "deepwater",
        "acceleration": 3,
        "brake": 9,
        "move_speed": 13,
        "turn_speed": 40,
        "park_stamp_type": "sphere",
        "park_stamp_cost": 10
    },
    "recon": {
        "observer": {
            "items": [
                {
                    "layer": "surface_and_air",
                    "channel": "sight",
                    "shape": "capsule",
                    "radius": 100
                },
                {
                    "layer": "underwater",
                    "channel": "sight",
                    "shape": "capsule",
                    "radius": 50
                },
                {
                    "layer": "mine",
                    "channel": "sight",
                    "shape": "capsule",
                    "radius": 50
                }
            ]
        }
    },
    "model": {
        "filename": "/pa/units/sea/fabrication_ship_adv/fabrication_ship_adv.papa",
        "animtree": "/pa/anim/anim_trees/fabrication_turret_anim_tree.json"
    },
    "tools": [
        {
            "spec_id": "/pa/units/sea/fabrication_ship_adv/fabrication_ship_adv_build_arm.json",
            "aim_bone": "bone_pitch"
        }
    ],
    "events": {
        "build_complete": {
            "audio_cue": "/SE/Build_Complete/fab"
        },
        "died": {
            "audio_cue": "/SE/Death/Sea",
            "effect_spec": "/pa/effects/specs/default_explosion.pfx",
            "effect_scale": 1.5
        }
    },
    "audio": {
        "loops": {
            "build": {
                "cue": "/SE/Construction/Fab_contruction_beam_loop",
                "flag": "build_target_changed",
                "should_start_func": "has_build_target",
                "should_stop_func": "no_build_target"
            },
            "move": {
                "cue": "/SE/Movement/sea/Fab_ship_loop",
                "flag": "vel_changed",
                "should_start_func": "is_moving",
                "should_stop_func": "is_not_moving"
            }
        }
    },
    "fx_offsets": [
        {
            "type": "build",
            "filename": "/pa/effects/specs/fab_spray.pfx",
            "bone": "socket_rightMuzzle",
            "offset": [
                0,
                0,
                0
            ],
            "orientation": [
                0,
                0,
                0
            ]
        },
        {
            "type": "build",
            "filename": "/pa/effects/specs/fab_spray.pfx",
            "bone": "socket_leftMuzzle",
            "offset": [
                0,
                0,
                0
            ],
            "orientation": [
                0,
                0,
                0
            ]
        }
    ],
    "TEMP_texelinfo": 11.3243,
    "mesh_bounds": [
        6.8,
        15,
        6.6
    ]
}