{
    "base_spec": "/pa/tools/base_bomb_bay/base_bomb_bay.json",
    "ammo_id": "/pa/units/air/bomber/bomber_ammo.json",
    "ammo_source": "energy",
    "rate_of_fire": 10,
    "ammo_capacity": 300,
    "ammo_demand": 10,
    "ammo_per_shot": 300,
    "max_range": 10,
    "yaw_rate": 3600,
    "pitch_rate": 3600,
    "yaw_range": 180,
    "pitch_range": 180,
    "auto_attack": true,
    "spread_fire": false,
    "carpet_fire": true,
    "firing_standard_deviation": 1,
    "target_layers": [
        "WL_LandHorizontal",
        "WL_WaterSurface"
    ]
}