{
    "base_spec": "/pa/units/land/base_structure/base_structure.json",
    "display_name": "!LOC(units:orbital_and_deepspace_radar.message):Orbital and Deepspace Radar",
    "description": "!LOC(units:orbital_and_deepspace_radar_orbital_and_celestial_radar_telemetry.message):Orbital and deepspace radar- Orbital and Celestial radar telemetry.",
    "max_health": 750,
    "build_metal_cost": 30,
    "consumption": {
        "energy": 3
    },
    "energy_efficiency_requirement": 0.9,
    "atrophy_rate": 5,
    "atrophy_cool_down": 15,
    "spawn_layers": "WL_AnySurface",
    "mesh_bounds": [
        29,
        29,
        15.2
    ],
    "unit_types": [
        "UNITTYPE_Orbital",
        "UNITTYPE_Structure",
        "UNITTYPE_Advanced",
        "UNITTYPE_Recon",
        "UNITTYPE_FabBuild",
        "UNITTYPE_FabAdvBuild",
        "UNITTYPE_Important"
    ],
    "physics": {
        "collision_layers": "WL_AnySurface"
    },
    "recon": {
        "observer": {
            "items": [
                {
                    "layer": "surface_and_air",
                    "channel": "sight",
                    "shape": "capsule",
                    "radius": 70
                },
                {
                    "layer": "celestial",
                    "channel": "sight",
                    "shape": "sphere",
                    "radius": 1,
                    "uses_energy": true
                },
                {
                    "layer": "orbital",
                    "channel": "sight",
                    "shape": "capsule",
                    "radius": 500,
                    "uses_energy": true
                },
                {
                    "layer": "underwater",
                    "channel": "sight",
                    "shape": "capsule",
                    "radius": 70
                }
            ]
        }
    },
    "model": [
        {
            "layer": "WL_LandHorizontal",
            "filename": "/pa/units/orbital/deep_space_radar/deep_space_radar.papa",
            "animations": {
                "start": "/pa/units/orbital/deep_space_radar/deep_space_radar_anim_start.papa",
                "loop": "/pa/units/orbital/deep_space_radar/deep_space_radar_anim_loop.papa",
                "end": "/pa/units/orbital/deep_space_radar/deep_space_radar_anim_end.papa"
            },
            "animtree": "/pa/anim/anim_trees/powered_loop_anim_tree.json",
            "skirt_decal": "/pa/effects/specs/skirt_orbital_radar.json"
        },
        {
            "layer": "WL_WaterSurface",
            "filename": "/pa/units/sea/deep_space_radar/deep_space_radar.papa",
            "animations": {
                "start": "/pa/units/orbital/deep_space_radar/deep_space_radar_anim_start.papa",
                "loop": "/pa/units/orbital/deep_space_radar/deep_space_radar_anim_loop.papa",
                "end": "/pa/units/orbital/deep_space_radar/deep_space_radar_anim_end.papa"
            },
            "animtree": "/pa/anim/anim_trees/powered_loop_anim_tree.json"
        }
    ],
    "events": {
        "build_complete": {
            "audio_cue": "/SE/Build_Complete/radar"
        },
        "died": {
            "audio_cue": "/SE/Death/radar",
            "effect_scale": 1.25
        }
    },
    "fx_offsets": [
        {
            "type": "energy",
            "filename": "/pa/units/orbital/deep_space_radar/deep_space_radar_on.pfx",
            "bone": "bone_antenna",
            "offset": [
                14,
                0,
                0
            ],
            "orientation": [
                -90,
                0,
                0
            ]
        },
        {
            "type": "energy",
            "filename": "/pa/units/orbital/deep_space_radar/deep_space_radar_door_on.pfx",
            "bone": "bone_door01"
        },
        {
            "type": "energy",
            "filename": "/pa/units/orbital/deep_space_radar/deep_space_radar_door_on.pfx",
            "bone": "bone_door02"
        },
        {
            "type": "energy",
            "filename": "/pa/units/orbital/deep_space_radar/deep_space_radar_door_on.pfx",
            "bone": "bone_door03"
        },
        {
            "type": "energy",
            "filename": "/pa/units/orbital/deep_space_radar/deep_space_radar_door_on.pfx",
            "bone": "bone_door04"
        }
    ],
    "audio": {
        "selection_response": {
            "cue": "/SE/Selection/structure/radar"
        }
    },
    "TEMP_texelinfo": 46.4947
}