{
  "ammo_type": "PBAOE",
  "damage": 500,
  "splash_damage": 500,
  "splash_radius": 150,
  "full_damage_splash_radius": 100,
  "splash_damages_allies": true,
  "burn_damage": 200,
  "burn_radius": 200,
  "sim_fire_effect": "/pa/effects/large_missile/nuke_strat_ent.json",
	"impact_decals": ["/pa/effects/specs/nuke_scorch_01.json"],
  "damage_volume": {
    "initial_radius": 110,
    "radius_velocity": 20,
    "radius_accel": 10,
    "delay": 1,
    "burnable_remove_radius": 150
  }
}