{
    "base_spec": "/pa/tools/base_artillery_turret/base_artillery_turret.json",
    "ammo_id": "/pa/units/land/artillery_long/artillery_long_ammo.json",
    "ammo_source": "energy",
    "max_firing_velocity": 1200,
    "min_firing_velocity": 600,
    "arc_type": "ARC_high",
    "firing_standard_deviation": 6,
    "rate_of_fire": 0.07,
    "ammo_capacity": 100000,
    "ammo_demand": 1000,
    "ammo_per_shot": 100000,
    "max_range": 999999,
    "yaw_rate": 10,
    "pitch_rate": 10,
    "yaw_range": 360,
    "firing_arc_yaw": 2,
    "firing_arc_pitch": 2,
    "pitch_range": 89,
    "auto_attack": true,
    "target_layers": [
        "WL_LandHorizontal",
        "WL_WaterSurface"
    ]
}