{
    "base_spec": "/pa/units/land/base_structure/base_structure.json",
    "display_name": "!LOC(units:holkins.message):Holkins",
    "description": "!LOC(units:advanced_artillery_equipped_with_long_range_anti_land_and_anti_ship_gun.message):Advanced artillery- Equipped with long range anti-land, and anti-ship gun.",
    "max_health": 800,
    "build_metal_cost": 1000,
    "atrophy_rate": 5,
    "atrophy_cool_down": 30,
    "spawn_layers": "WL_AnyHorizontalGroundOrWaterSurface",
    "unit_types": [
        "UNITTYPE_Land",
        "UNITTYPE_Structure",
        "UNITTYPE_Defense",
        "UNITTYPE_Artillery",
        "UNITTYPE_Advanced",
        "UNITTYPE_FabAdvBuild",
        "UNITTYPE_Important"
    ],
    "command_caps": [
        "ORDER_Attack"
    ],
    "guard_layer": "WL_AnySurface",
    "recon": {
        "observer": {
            "items": [
                {
                    "layer": "surface_and_air",
                    "channel": "sight",
                    "shape": "capsule",
                    "radius": 100
                }
            ]
        }
    },
    "model": [
        {
            "layer": "WL_LandHorizontal",
            "filename": "/pa/units/land/artillery_long/artillery_long.papa",
            "animtree": "/pa/anim/anim_trees/artillery_building_long_anim_tree.json",
            "skirt_decal": "/pa/effects/specs/skirt_artillery_long.json"
        },
        {
            "layer": "WL_WaterSurface",
            "filename": "/pa/units/sea/artillery_long/artillery_long.papa",
            "animtree": "/pa/anim/anim_trees/artillery_building_long_anim_tree.json"
        }
    ],
    "nearby_target_tick_update_interval": 30,
    "tools": [
        {
            "spec_id": "/pa/units/land/artillery_long/artillery_long_tool_weapon.json",
            "aim_bone": "socket_aim",
            "muzzle_bone": "socket_muzzle"
        }
    ],
    "events": {
        "build_complete": {
            "audio_cue": "/SE/Build_Complete/structure_small"
        },
        "fired": {
            "audio_cue": "/SE/Weapons/structure/artillery_long_fire",
            "effect_spec": "/pa/effects/specs/tank_muzzle_flash.pfx socket_muzzle /pa/effects/specs/artillery_muzzle_ground.pfx"
        },
        "died": {
            "audio_cue": "/SE/Death/structure_small",
            "effect_scale": 1
        }
    },
    "audio": {
        "selection_response": {
            "cue": "/SE/Selection/structure/artillery"
        }
    },
    "lamps": [
        {
            "offset": [
                0,
                -11.21,
                3.69
            ],
            "radius": 4,
            "color": [
                1,
                1,
                1
            ],
            "intensity": 2,
            "bone": "bone_pitch"
        }
    ],
    "mesh_bounds": [
        13,
        30.8,
        15.0376
    ],
    "TEMP_texelinfo": 26.6522
}