{
    "base_spec": "/pa/units/orbital/base_orbital/base_orbital.json",
    "display_name": "Orbital Fabrication Bot",
    "description": "Orbital Fabber- Builds orbital do-dads and what not.",
    "max_health": 100,
    "build_metal_cost": 100,
    "system_velocity_multiplier": 15,
    "gravwell_velocity_multiplier": 6,
    "spawn_layers": "WL_Orbital",
    "armor_type": "AT_Orbital",
    "buildable_types": "FabOrbBuild",
    "unit_types": [
        "UNITTYPE_Orbital",
        "UNITTYPE_Fabber",
        "UNITTYPE_Construction",
        "UNITTYPE_Mobile",
        "UNITTYPE_Basic",
        "UNITTYPE_FactoryBuild"
    ],
    "command_caps": [
        "ORDER_Move",
        "ORDER_Patrol",
        "ORDER_Build",
        "ORDER_Repair",
        "ORDER_Assist",
        "ORDER_Use"
    ],
    "attachable": {
        "offsets": {
            "root": [
                0,
                0,
                0
            ]
        }
    },
    "guard_layer": "WL_Orbital",
    "navigation": {
        "type": "orbital",
        "acceleration": 10,
        "brake": 10,
        "move_speed": 35,
        "turn_speed": 30,
        "hover_time": -1,
        "aggressive_behavior": "circle",
        "aggressive_distance": 120,
        "bank_factor": 10
    },
    "physics": {
        "radius": 5,
        "push_class": 15
    },
    "recon": {
        "observer": {
            "items": [
                {
                    "layer": "orbital",
                    "channel": "sight",
                    "shape": "capsule",
                    "radius": 150
                }
            ]
        }
    },
    "model": {
        "filename": "/pa/units/orbital/orbital_fabrication_bot/orbital_fabrication_bot.papa",
        "animations": {
            "open": "/pa/units/orbital/orbital_fabrication_bot/orbital_fabrication_bot_anim_open.papa",
            "deploy": "/pa/units/orbital/orbital_fabrication_bot/orbital_fabrication_bot_anim_deploy.papa",
            "closed": "/pa/units/orbital/orbital_fabrication_bot/orbital_fabrication_bot_anim_closed.papa"
        },
        "animtree": "/pa/anim/anim_trees/orbital_fabrication_bot_anim_tree.json"
    },
    "tools": [
        {
            "spec_id": "/pa/units/orbital/orbital_fabrication_bot/orbital_fabrication_bot_build_arm.json",
            "aim_bone": "bone_shoulder"
        }
    ],
    "events": {
        "build_complete": {
            "audio_cue": "/SE/Build_Complete/fab_orbital"
        },
        "died": {
            "audio_cue": "/SE/Death/orbital"
        }
    },
    "audio": {
        "loops": {
            "build": {
                "cue": "/SE/Construction/Fab_contruction_beam_loop_orbital",
                "flag": "build_target_changed",
                "should_start_func": "has_build_target",
                "should_stop_func": "no_build_target"
            },
            "move": {
                "cue": "/SE/Movement/air/fab_air_loop",
                "flag": "vel_changed",
                "should_start_func": "is_moving",
                "should_stop_func": "is_not_moving"
            }
        }
    },
    "fx_offsets": [
        {
            "type": "build",
            "filename": "/pa/effects/specs/fab_spray.pfx",
            "bone": "bone_nozzle",
            "offset": [
                1.755,
                0,
                0
            ],
            "orientation": [
                0,
                0,
                -90
            ]
        }
    ],
    "mesh_bounds": [
        20,
        10,
        21
    ],
    "TEMP_texelinfo": 7.54279
}