{
    "base_spec": "/pa/units/land/base_structure/base_structure.json",
    "display_name": "Tactical Missile Launcher",
    "description": "Launches tactical missiles. Nuclear or otherwise. Manual attack.",
    "max_health": 500,
    "build_metal_cost": 30,
    "atrophy_rate": 30,
    "atrophy_cool_down": 15,
    "spawn_layers": "WL_AnyHorizontalGroundOrWaterSurface",
    "unit_types": [
    "UNITTYPE_Land", 
    "UNITTYPE_Structure", 
    "UNITTYPE_Offense", 
    "UNITTYPE_Nuke", 
    "UNITTYPE_Factory", 
        "UNITTYPE_Basic",
        "UNITTYPE_FabBuild",
        "UNITTYPE_Important"
    ],
    "buildable_projectiles": [
        "/pa/units/land/tactical_missile_launcher/tactical_missile_launcher_ammo.json",
        "/pa/units/land/tactical_missile_launcher/tactical_missile_launcher_cruise_ammo.json"
    ],
    "factory": {
        "store_units": true,
        "spawn_points": [
            "bone_missile01"
        ],
        "initial_build_spec": "/pa/units/land/tactical_missile_launcher/tactical_missile_launcher_cruise_ammo.json",
        "default_build_stance": "Continuous"
    },
    "command_caps": [
        "ORDER_FactoryBuild",
        "ORDER_Attack"
    ],
    "recon": {
        "observer": {
            "items": [
                {
                    "layer": "surface_and_air",
                    "channel": "sight",
                    "shape": "capsule",
                    "radius": 75
                }
            ]
        }
    },
    "model": [
        {
            "layer": "WL_LandHorizontal",
            "filename": "/pa/units/land/tactical_missile_launcher/tactical_missile_launcher.papa",
            "animations": {
                "start": "/pa/units/land/tactical_missile_launcher/tactical_missile_launcher_anim_start.papa",
                "end": "/pa/units/land/tactical_missile_launcher/tactical_missile_launcher_anim_end.papa"
            },
            "animtree": "/pa/anim/anim_trees/tactical_missile_launcher_anim_tree.json",
            "skirt_decal": "/pa/effects/specs/skirt_08.json"
        },
        {
            "layer": "WL_WaterSurface",
            "filename": "/pa/units/sea/tactical_missile_launcher/tactical_missile_launcher.papa",
            "animations": {
                "start": "/pa/units/land/tactical_missile_launcher/tactical_missile_launcher_anim_start.papa",
                "end": "/pa/units/land/tactical_missile_launcher/tactical_missile_launcher_anim_end.papa"
            },
            "animtree": "/pa/anim/anim_trees/tactical_missile_launcher_anim_tree.json"
        }
    ],
    "tools": [
        {
            "spec_id": "/pa/units/land/tactical_missile_launcher/tactical_missile_launcher_tool_weapon.json",
            "aim_bone": "bone_root" 
        },
        {
            "spec_id": "/pa/units/land/tactical_missile_launcher/tactical_missile_launcher_cruise_tool_weapon.json",
            "aim_bone": "bone_root"
        },
        {
            "spec_id": "/pa/units/land/tactical_missile_launcher/tactical_missile_launcher_build_arm.json",
            "aim_bone": "bone_root"
        }
    ],
    "death_weapon": {
        "ground_ammo_spec": "/pa/ammo/self_destruct/basic_unit.json"
    },
    "events": {
        "build_complete": {
            "audio_cue": "/SE/Build_Complete/factory"
        },
        "fired": {
            "audio_cue": "/SE/Weapons/structure/tact_mis_launcher_catapult_fire",
            "effect_spec": "/pa/units/land/tactical_missile_launcher/tactical_missile_launcher_launch.pfx"
        },
        "died": {
            "audio_cue": "/SE/Death/Factory",
            "effect_scale": 0.5
        }
    },
    "audio": {
        "selection_response": {
            "cue": "/SE/Selection/structure/artillery"
        }
    },
    "TEMP_texelinfo": 15.8261,
    "mesh_bounds": [
        9,
        9,
        8.7
    ]
}