{
    "base_spec": "/pa/ammo/base_artillery/base_artillery.json",
    "damage": 250,
    "splash_damage": 250,
    "splash_radius": 50,
    "full_damage_splash_radius": 50,
    "splash_damages_allies": false,
    "initial_velocity": 200,
    "lifetime": 30,
    "influence_radius": 900,
    "physics": {
        "radius": 1,
        "gravity_scalar": 10,
        "add_to_spatial_db": false
    },
    "model": {
        "filename": "/pa/units/air/shell_large/shell_large.papa"
    },
    "fx_trail": {
        "filename": "/pa/effects/specs/shell_artillery_large_proj_trail.pfx",
        "offset": [
            0,
            1,
            0
        ]
    },
    "audio_loop": "/SE/Movement/missile/artillery_long_missile_fly_loop",
    "events": {
        "died": {
            "audio_cue": "/SE/Impacts/missile_nuke",
            "effect_spec": "/pa/effects/large_missile/nuke_tac_explosion.pfx"
        }
    }
}