{
    "base_spec": "/pa/tools/base_artillery_turret_unit/base_artillery_turret_unit.json",
    "ammo_id": "/pa/units/land/tank_heavy_mortar/tank_heavy_mortar_ammo.json",
  "ammo_source": "energy",
  "rate_of_fire": 1,
  "ammo_capacity": 3000,
  "ammo_demand": 50,
  "ammo_per_shot": 150,
    "idle_aim_delay": 5,
	"firing_standard_deviation": 5,
    "max_range": 200,
    "yaw_rate": 100,
    "pitch_rate":100,
    "yaw_range": 180,
    "pitch_range": 89,
    "spread_fire": true,
    "auto_attack": true,
    "target_layers": [
        "WL_LandHorizontal",
        "WL_WaterSurface"
    ]
}