{
    "base_spec": "/pa/tools/base_laser_turret/base_laser_turret.json",
    "ammo_id": "/pa/units/orbital/defense_satellite/defense_satellite_ammo_ground.json",
    "rate_of_fire": 0.5,
    "max_range": 50,
    "yaw_rate": 30,
    "pitch_rate": 30,
    "yaw_range": 180,
    "pitch_range": 180,
    "firing_arc_yaw": 1,
    "firing_arc_pitch": 1,
    "auto_attack": true,
    "spread_fire": true,
    "target_layers": [
        "WL_Air",
        "WL_LandHorizontal",
        "WL_WaterSurface"
    ]
}