{
    "base_spec": "/pa/ammo/base_missiles/base_missile_tactical.json",
    "damage": 250,
    "splash_damage": 250,
    "splash_radius": 50,
  "full_damage_splash_radius": 10,
    "cruise_height": 40,
    "initial_velocity": 40,
    "max_velocity": 80,
    "turn_rate": 45,
    "lifetime": 15,
  "show_strategic_icon": true,
  "burn_damage": 200,
  "burn_radius": 80,
    "max_health": 1,
    "influence_radius": 400,
  "model": {
    "filename": "/pa/ammo/large_missile/nuke_tac.papa"
  },
  "fx_trail": {
    "filename": "/pa/units/air/missile_nuke/missile_nuke_trail.pfx",
    "offset": [
      0,
      6,
      0
    ]
  },
  "sim_impact_effect":"/pa/effects/large_missile/nuke_tac_ent.json",
  "impact_decals": [
    "/pa/effects/large_missile/nuke_tac_scorch.json"
  ],
  "audio_loop": "/SE/Movement/missile/nuke_missile_fly_loop",
    "physics": {
        "radius": 1,
        "gravity_scalar": 5,
        "ignore_gravity": true,
        "add_to_spatial_db": true
    },
    "flight_type": "Staged",
    "stages": [
        {
            "ignores_gravity": true,
            "ignores_LOS": true,
            "stage_duration": 200,
            "stage_turn_rate": 0,
            "rotates_to_velocity": true
        },
        {
            "ignores_gravity": true,
            "ignores_LOS": true,
            "stage_duration": 0,
            "stage_turn_rate": 75,
            "stage_change_range": 50,
            "rotates_to_velocity": true
        },
        {
            "ignores_gravity": false,
            "ignores_LOS": false,
            "stage_duration": 5000,
            "stage_turn_rate": 405,
            "rotates_to_velocity": true
        }
    ],
    "armor_damage_map": {
        "AT_Orbital": 0.0
    }
}