{
    "base_spec": "/pa/units/land/base_structure/base_structure.json",
    "display_name": "!LOC(units:halley.message):Halley",
    "description": "!LOC(units:delta_v_engine_used_to_move_small_to_medium_celestial_bodies.message):Delta V Engine- Used to move small to medium celestial bodies.",
    "max_health": 20000,
    "build_metal_cost": 40000,
    "atrophy_rate": 650,
    "atrophy_cool_down": 15,
    "spawn_layers": "WL_AnyHorizontalGroundOrWaterSurface",
    "build_restrictions": "Thrustable",
    "unit_types": [
        "UNITTYPE_Orbital",
        "UNITTYPE_Factory",
        "UNITTYPE_Construction",
        "UNITTYPE_Structure",
        "UNITTYPE_Land",
        "UNITTYPE_PlanetEngine",
        "UNITTYPE_Advanced",
        "UNITTYPE_FabAdvBuild",
        "UNITTYPE_Important"
    ],
    "orbital_thruster": {
        "power": 1
    },
    "recon": {
        "observable": {
            "always_visible": true
        },
        "observer": {
            "items": [
                {
                    "layer": "surface_and_air",
                    "channel": "sight",
                    "shape": "capsule",
                    "radius": 110
                },
                {
                    "layer": "underwater",
                    "channel": "sight",
                    "shape": "capsule",
                    "radius": 110
                }
            ]
        }
    },
    "model": {
        "filename": "/pa/units/orbital/delta_v_engine/delta_v_engine.papa",
        "animations": {
            "start": "/pa/units/orbital/delta_v_engine/delta_v_engine_anim_start.papa",
            "loop": "/pa/units/orbital/delta_v_engine/delta_v_engine_anim_loop.papa",
            "end": "/pa/units/orbital/delta_v_engine/delta_v_engine_anim_end.papa"
        },
        "animtree": "/pa/anim/anim_trees/constant_idle_transition_anim_tree.json"
    },
    "audio": {
        "loops": {
            "enabled": {
                "cue": "/SE/Celestial/Planet_Engines_Loop",
                "flag": "enable_changed",
                "should_start_func": "is_enabled",
                "should_stop_func": "is_disabled",
                "interplanetary": true
            }
        }
    },
    "fx_offsets": [
        {
            "type": "enabled",
            "filename": "/pa/units/orbital/delta_v_engine/delta_v_jet.pfx",
            "offset": [
                0,
                0,
                21
            ],
            "orientation": [
                0,
                0,
                0
            ]
        }
    ],
    "headlights": [
        {
            "gobo": "/pa/effects/textures/gobo/spotlight_gobo.papa",
            "offset": [
                20.4,
                20.4,
                15.6
            ],
            "orientation": [
                25,
                -23,
                0
            ],
            "near_width": 5.5,
            "near_height": 5.5,
            "near_distance": 2.5,
            "far_distance": 30,
            "color": [
                1,
                1,
                1
            ],
            "intensity": 3
        },
        {
            "gobo": "/pa/effects/textures/gobo/spotlight_gobo.papa",
            "offset": [
                20.4,
                -20.4,
                15.6
            ],
            "orientation": [
                25,
                23,
                0
            ],
            "near_width": 5.5,
            "near_height": 5.5,
            "near_distance": 2.5,
            "far_distance": 30,
            "color": [
                1,
                1,
                1
            ],
            "intensity": 3
        },
        {
            "gobo": "/pa/effects/textures/gobo/spotlight_gobo.papa",
            "offset": [
                -20.4,
                20.4,
                15.6
            ],
            "orientation": [
                -25,
                -23,
                0
            ],
            "near_width": 5.5,
            "near_height": 5.5,
            "near_distance": 2.5,
            "far_distance": 30,
            "color": [
                1,
                1,
                1
            ],
            "intensity": 3
        },
        {
            "gobo": "/pa/effects/textures/gobo/spotlight_gobo.papa",
            "offset": [
                -20.4,
                -20.4,
                15.6
            ],
            "orientation": [
                -25,
                23,
                0
            ],
            "near_width": 5.5,
            "near_height": 5.5,
            "near_distance": 2.5,
            "far_distance": 30,
            "color": [
                1,
                1,
                1
            ],
            "intensity": 3
        }
    ],
    "lamps": [
        {
            "offset": [
                -21.39,
                9.9,
                11.25
            ],
            "radius": 4,
            "color": [
                1,
                0,
                0
            ],
            "intensity": 2
        },
        {
            "offset": [
                -21.39,
                -9.9,
                11.25
            ],
            "radius": 4,
            "color": [
                1,
                0,
                0
            ],
            "intensity": 2
        },
        {
            "offset": [
                25.44,
                0,
                12.4
            ],
            "radius": 4,
            "color": [
                1,
                0,
                0
            ],
            "intensity": 2
        },
        {
            "offset": [
                -23.8,
                0,
                14.7
            ],
            "radius": 3,
            "color": [
                1,
                1,
                1
            ],
            "intensity": 2
        },
        {
            "offset": [
                20.4,
                20.4,
                15.6
            ],
            "radius": 3,
            "color": [
                1,
                1,
                1
            ],
            "intensity": 2
        },
        {
            "offset": [
                20.4,
                -20.4,
                15.6
            ],
            "radius": 3,
            "color": [
                1,
                1,
                1
            ],
            "intensity": 2
        },
        {
            "offset": [
                -20.4,
                20.4,
                15.6
            ],
            "radius": 3,
            "color": [
                1,
                1,
                1
            ],
            "intensity": 2
        },
        {
            "offset": [
                -20.4,
                -20.4,
                15.6
            ],
            "radius": 3,
            "color": [
                1,
                1,
                1
            ],
            "intensity": 2
        },
        {
            "offset": [
                14.38,
                0,
                2
            ],
            "radius": 3,
            "color": [
                1,
                1,
                1
            ],
            "intensity": 2,
            "bone": "bone_cross01"
        },
        {
            "offset": [
                14.38,
                0,
                2
            ],
            "radius": 3,
            "color": [
                1,
                1,
                1
            ],
            "intensity": 2,
            "bone": "bone_cross02"
        },
        {
            "offset": [
                14.38,
                0,
                2
            ],
            "radius": 3,
            "color": [
                1,
                1,
                1
            ],
            "intensity": 2,
            "bone": "bone_cross03"
        },
        {
            "offset": [
                14.38,
                0,
                2
            ],
            "radius": 3,
            "color": [
                1,
                1,
                1
            ],
            "intensity": 2,
            "bone": "bone_cross04"
        }
    ],
    "events": {
        "build_complete": {
            "audio_cue": "/SE/Build_Complete/delta_v"
        },
        "died": {
            "audio_cue": "/SE/Death/delta_v"
        }
    },
    "TEMP_texelinfo": 77.8386,
    "mesh_bounds": [
        50.0454,
        50.0306,
        43
    ],
    "physics": {
        "collision_layers": "WL_AnyHorizontalGroundOrWaterSurface"
    }
}