{
    "base_spec": "/pa/units/land/base_structure/base_structure.json",
    "unit_name": "!LOC(units:teleporter.message):Teleporter",
    "display_name": "Teleporter",
    "description": "Teleporter: Using subspace compression, this object uses wormholes to allow units to travel through space and time.",
    "max_health": 250,
    "build_metal_cost": 1000,
    "atrophy_rate": 6.66667,
    "atrophy_cool_down": 15,
    "spawn_layers": "WL_LandHorizontal",
    "area_build_type": "Line",
    "energy_efficiency_requirement": 1,
    "unit_types": [
        "UNITTYPE_Structure",
        "UNITTYPE_Teleporter",
        "UNITTYPE_CmdBuild",
        "UNITTYPE_FabBuild",
        "UNITTYPE_FabAdvBuild",
        "UNITTYPE_CombatFabAdvBuild",
        "UNITTYPE_CombatFabBuild"
    ],
    "command_caps": [
        "ORDER_Move",
        "ORDER_Patrol",
        "ORDER_Reclaim",
        "ORDER_Repair",
        "ORDER_Attack",
        "ORDER_Assist",
        "ORDER_Use"
    ],
    "recon": {
        "observer": {
            "items": [
                {
                    "layer": "surface_and_air",
                    "channel": "sight",
                    "shape": "capsule",
                    "radius": 75
                }
            ]
        }
    },
    "model": {
        "filename": "/pa/units/land/teleporter/teleporter.papa",
        "animations": {
            "start": "/pa/units/land/teleporter/teleporter_anim_start.papa",
            "loop": "/pa/units/land/teleporter/teleporter_anim_loop.papa",
            "end": "/pa/units/land/teleporter/teleporter_anim_end.papa"
        },
        "animtree": "/pa/anim/anim_trees/powered_loop_anim_tree.json",
        "skirt_decal": "/pa/effects/specs/skirt_teleporter.json"
    },
    "events": {
        "build_complete": {
            "audio_cue": "/SE/Build_Complete/energy"
        },
        "enabled": {
            "audio_cue": "/SE/Buildings/teleporter_enabled",
            "effect_spec": "/pa/units/land/teleporter/teleporter_power_on.pfx bone_innerRingMaster"
        },
        "disabled": {
            "audio_cue": "/SE/Buildings/teleporter_disabled",
            "effect_spec": "/pa/units/land/teleporter/teleporter_power_down.pfx bone_innerRingMaster"
        },
        "died": {
            "audio_cue": "/SE/Death/Factory",
            "effect_scale": 1.5
        }
    },
    "audio": {
        "loops": {
            "enabled": {
                "cue": "/SE/Buildings/teleporter_loop",
                "flag": "enable_changed",
                "should_start_func": "is_enabled",
                "should_stop_func": "is_disabled"
            }
        }
    },
    "fx_offsets": [
        {
            "type": "enabled",
            "filename": "/pa/units/land/teleporter/teleporter_event_horizon.pfx",
            "bone": "bone_innerRingMaster",
            "offset": [
                0,
                0,
                0
            ],
            "orientation": [
                0,
                0,
                0
            ]
        },
        {
            "type": "enabled",
            "filename": "/pa/units/land/teleporter/teleporter_brace_glow.pfx",
            "bone": "bone_innerRing01",
            "offset": [
                0,
                0,
                0
            ],
            "orientation": [
                0,
                0,
                0
            ]
        },
        {
            "type": "enabled",
            "filename": "/pa/units/land/teleporter/teleporter_brace_glow.pfx",
            "bone": "bone_innerRing02",
            "offset": [
                0,
                0,
                0
            ],
            "orientation": [
                0,
                0,
                0
            ]
        },
        {
            "type": "enabled",
            "filename": "/pa/units/land/teleporter/teleporter_brace_glow.pfx",
            "bone": "bone_innerRing03",
            "offset": [
                0,
                0,
                0
            ],
            "orientation": [
                0,
                0,
                0
            ]
        },
        {
            "type": "enabled",
            "filename": "/pa/units/land/teleporter/teleporter_brace_glow.pfx",
            "bone": "bone_innerRing04",
            "offset": [
                0,
                0,
                0
            ],
            "orientation": [
                0,
                0,
                0
            ]
        }
    ],
    "orders": {
        "handler_type": "inert"
    },
    "teleporter": {
        "energy_demand": 100
    },
    "useable": {
        "type": "teleporter",
        "range": 30
    },
    "mesh_bounds": [
        42.4,
        30,
        34
    ],
    "placement_size": [
        50,
        75
    ],
    "TEMP_texelinfo": 55.7884
}