{
  "base_spec": "/pa/ammo/kinetic_bombardment/harpoon.json", 
  "damage": 500, 
  "flight_type": "Direct",
  "burn_damage": 200,
  "burn_radius": 80,
    "show_strategic_icon": true,
  "sim_impact_effect":"/pa/effects/large_missile/nuke_strat_ent.json",
  "impact_decals": [
    "/pa/effects/large_missile/nuke_strat_scorch.json"
  ],
  "full_damage_splash_radius": 10, 
  "fx_trail": {
    "filename": "/pa/effects/specs/shell_proj_trail.pfx",
    "offset": [
      0,
      1.2,
      0
    ]
  }, 
  "initial_velocity": 0.1, 
  "lifetime": 20, 
  "max_velocity": 10000, 
  "model": {
        "filename": "/pa/units/air/missile_nuke/missile_nuke.papa"
  }, 
  "physics": {
    "add_to_spatial_db": true, 
    "gravity_scalar": 4, 
    "ignore_gravity": false, 
    "push_class": 1, 
    "radius": 1
  }, 
  "spawn_layers": "orbital", 
  "splash_damage": 500, 
  "splash_radius": 150,
  "full_damage_splash_radius": 100,
  "armor_damage_map": {
    "AT_Orbital": 0.0
  }
}