{
    "base_spec": "/pa/tools/base_torpedo_turret/base_torpedo_turret.json",
    "ammo_id": "/pa/units/sea/frigate/frigate_ammo_torpedo.json",
    "rate_of_fire": 0.4,
    "max_range": 150,
    "yaw_rate": 180,
    "pitch_rate": 180,
    "yaw_range": 2,
    "pitch_range": 2,
    "firing_arc_yaw": 180,
    "firing_arc_pitch": 180,
    "auto_attack": true,
    "spread_fire": true,
    "target_layers": [
        "WL_WaterSurface",
        "WL_Underwater",
        "WL_Seafloor"
    ]
}