{
    "tool_type": "TOOL_BuildArm",
    "max_range": 50,
    "construction_demand": {
        "energy": 50,
        "metal": 50
    },
	"auto_repair":false,
    "yaw_rate": 90,
    "pitch_rate": 90,
    "yaw_range": 180,
    "pitch_range": 90,
	"assist_layers": [
        "WL_AnyHorizontalGroundOrWaterSurface",
        "WL_Air"
    ],
    "reclaim_layers": [
        "WL_AnyHorizontalGroundOrWaterSurface",
        "WL_Air"
    ],
    "reclaim_types": [
        "Unit",
        "Wreckage",
        "Feature"
    ]
}