{
    "base_spec": "/pa/units/land/base_vehicle/base_vehicle.json",
    "display_name": "Annihilator",
    "description": "Self destructs with a nuke explosion.",
    "armor_type": "AT_Suicide",
    "max_health": 500,
    "build_metal_cost": 7,
    "attachable": {
        "offsets": {
            "root": [
                0,
                0,
                0
            ],
            "head": [
                0,
                -0.5,
                6.1
            ]
        }
    },
    "command_caps": [
        "ORDER_Move",
        "ORDER_Attack",
        "ORDER_Assist",
        "ORDER_Use"
    ],
    "unit_types": [
        "UNITTYPE_Tank",
        "UNITTYPE_Heavy",
        "UNITTYPE_Mobile",
        "UNITTYPE_Offense",
        "UNITTYPE_Land",
        "UNITTYPE_Basic",
        "UNITTYPE_FactoryBuild"
    ],
    "transportable": {
        "size": 1
    },
    "guard_layer": "WL_LandHorizontal",
    "navigation": {
        "type": "land-small",
        "acceleration": 100,
        "brake": 100,
        "move_speed": 12,
        "turn_speed": 100
    },
    "physics": {
        "radius": 6,
        "push_class": 90
    },
    "recon": {
        "observer": {
            "items": [
                {
                    "layer": "surface_and_air",
                    "channel": "sight",
                    "shape": "capsule",
                    "radius": 100
                }
            ]
        }
    },
    "model": {
        "filename": "/pa/units/land/tank_heavy_armor/tank_heavy_armor.papa",
        "animtree": "/pa/anim/anim_trees/tank_armor_anim_tree.json"
    },
    "tools": [
        {
            "spec_id": "/pa/units/land/tank_heavy_armor/tank_heavy_armor_tool_weapon.json",
            "aim_bone": "bone_turret",
            "muzzle_bone": "socket_muzzle"
        }
    ],
    "death_weapon": {
        "ground_ammo_spec": "/pa/ammo/self_destruct/basic_unit.json"
    },
    "events": {
        "build_complete": {
            "audio_cue": "/SE/Build_Complete/veh"
        },
        "fired": {
            "effect_spec": "/pa/effects/specs/default_muzzle_flash.pfx socket_muzzle"
        },
        "died": {
            "audio_cue": "/SE/Death/Veh",
            "effect_scale": 2
        }
    },
    "audio": {
        "loops": {
            "move": {
                "cue": "/SE/Movement/veh/tank_vagaurd_loop_T2",
                "flag": "vel_changed",
                "should_start_func": "is_moving",
                "should_stop_func": "is_not_moving"
            }
        },
        "selection_response": {
            "cue": "/SE/Selection/veh/tank_vagaurd_T2"
        }
    },
    "scrolling_uv": {
        "scroll_rate": 0.58,
        "uv_split": 0.855
    },
    "TEMP_texelinfo": 9.04444,
    "mesh_bounds": [
        7.5,
        8.2,
        6.2
    ]
}