{
    "ammo_type": "AMMO_Projectile",
    "flight_type": "Ballistic",
    "spawn_layers": "WL_Air",
    "model": {
        "filename": "/pa/units/air/missile_tactical/missile_tactical.papa"
    },
    "fx_trail": {
        "filename": "/pa/effects/specs/tactical_proj_trail.pfx",
        "offset": [
            0,
            1,
            0
        ]
    },
    "physics": {
        "radius": 1,
        "push_class": 1,
        "gravity_scalar": 10,
        "add_to_spatial_db": false,
        "allow_underground": true
    },
    "events": {
        "died": {
            "audio_cue": "/SE/Impacts/missile_nuke",
            "effect_spec": "/pa/units/land/nuke_launcher/nuke_launcher_ammo_explosion.pfx"
        }
    },
    "damage": 50000,
    "splash_damage": 5000,
    "splash_radius": 2500,
    "lifetime": 30,
    "initial_velocity": 115,
    "turn_rate": 3
}