{
  "base_spec": "/pa/units/air/base_flyer/base_flyer.json",
  "display_name": "Kestrel",
  "description": "A gunship designed to murder tanks.",
  "max_health": 250,
  "build_metal_cost": 60,
  "spawn_layers": "WL_Air",
  "unit_types": [
    "UNITTYPE_Gunship",
    "UNITTYPE_Air",
    "UNITTYPE_Mobile",
    "UNITTYPE_Basic",
    "UNITTYPE_FactoryBuild"
  ],
  "events": {
    "build_complete": {
      "audio_cue": "/SE/Build_Complete/air"
    },
    "fired0": {
      "audio_cue": "/SE/Weapons/air/fighter_fire",
      "effect_spec": "/pa/units/air/gunship/gunship_muzzle_flash.pfx socket_rightMuzzle /pa/units/air/gunship/gunship_muzzle_flash.pfx socket_leftMuzzle"
    },
    "fired1": {
      "audio_cue": "/SE/Weapons/commander/Commander_gun_fire",
      "effect_spec": "/pa/units/air/gunship/gunship_muzzle_flash.pfx bone_root"
    },
    "died": {
      "audio_cue": "/SE/Death/Air",
      "effect_spec": "/pa/effects/specs/default_explosion.pfx"
    }
  },
    "audio": {
        "loops": {
            "move": {
                "cue": "/SE/Movement/air/air_gunship_loop",
                "flag": "vel_changed",
                "should_start_func": "is_moving",
                "should_stop_func": "is_not_moving"
            }
        },
        "selection_response": {
            "cue": "/SE/Selection/air/gunship"
        }
    },
  "guard_radius": 120,
  "guard_layer": "WL_Anysurface",
  "navigation": {
    "type": "air",
    "acceleration": 30,
    "brake": 45,
    "move_speed": 50,
    "turn_speed": 180,
    "vertical_speed": 50,
    "aggressive_distance": 100.0,
    "aggressive_behavior": "circle",
    "circle_min_time": 2.0,
    "circle_max_time": 3.0,
    "hover_time": -1.0,
    "bank_factor": 1
  },
  "physics": {
    "radius": 6,
    "push_class": 2
  },
  "recon": {
    "observer": {
      "items": [
        {
          "layer": "surface_and_air",
          "channel": "sight",
          "shape": "capsule",
          "radius": 150
        },
        {
          "layer": "underwater",
          "channel": "radar",
          "shape": "capsule",
          "radius": 50
        }
      ]
    }
  },
  "model": {
    "filename": "/pa/units/air/gunship/gunship.papa",
    "animations": {
      "fly": "/pa/units/air/gunship/gunship_anim_fly.papa",
      "aim_up": "/pa/units/air/gunship/gunship_anim_aimUp.papa",
      "aim_down": "/pa/units/air/gunship/gunship_anim_aimDown.papa"
    },
    "animtree": "/pa/anim/anim_trees/gunship_anim_tree.json"
  },
   "tools": [
    {
      "aim_bone": "bone_rightRecoil",
      "spec_id": "/pa/units/air/gunship/gunship_missile_tool_weapon.json",
            "record_index": 0,
            "fire_event": "fired0",
      "muzzle_bone": [
        "socket_rightMuzzle",
        "socket_leftMuzzle"
      ]
    },
    {
      "aim_bone": "bone_root",
      "spec_id": "/pa/units/air/gunship/gunship_tool_weapon.json",
            "record_index": 1,
            "fire_event": "fired1",
      "muzzle_bone": "bone_root"
    }
  ],
  "fx_offsets": [
    {
      "type": "moving",
      "filename": "/pa/effects/misc/jets.pfx",
      "bone": "bone_turret",
      "offset": [
        0,
        -1.25,
        -1.062
      ],
      "orientation": [
        0,
        90,
        0
      ]
    },
    {
      "type": "moving",
      "filename": "/pa/effects/misc/jets.pfx",
      "bone": "bone_leftWing",
      "offset": [
        1.449,
        0,
        -1.536
      ],
      "orientation": [
        0,
        90,
        0
      ]
    },
    {
      "type": "moving",
      "filename": "/pa/effects/misc/jets.pfx",
      "bone": "bone_rightWing",
      "offset": [
        -1.449,
        0,
        -1.536
      ],
      "orientation": [
        0,
        90,
        0
      ]
    }
  ],
  "mesh_bounds": [
    8.5,
    11.5,
    3.6193
  ]
}