{
    "base_spec": "/pa/tools/base_fighter_turret/base_fighter_turret.json",
    "ammo_id": "/pa/units/air/gunship/gunship_missile_ammo.json",
    "ammo_source": "energy",
    "rate_of_fire": 0.75,
    "ammo_capacity": 120,
    "ammo_demand": 10,
    "ammo_per_shot": 30,
    "max_range": 75,
    "firing_arc_yaw": 25,
    "firing_arc_pitch": 50,
    "auto_attack": true,
    "spread_fire": false,
    "target_layers": [
        "WL_LandHorizontal",
        "WL_WaterSurface"
    ]
}