{
    "base_spec": "/pa/tools/base_laser_turret/base_laser_turret.json",
    "ammo_id": "/pa/units/orbital/defense_satellite/defense_satellite_ammo_orbital.json",
	"ammo_source": "energy",
    "rate_of_fire": 5,
	"ammo_capacity": 1000,
    "ammo_demand": 100,
    "ammo_per_shot": 200,
    "max_range": 200,
    "yaw_rate": 720,
    "pitch_rate": 720,
    "yaw_range": 100,
    "pitch_range": 180,
    "auto_attack": true,
	"spread_fire": true,
    "target_layers": [
        "WL_Orbital"
    ]
}