{
    "enabled": true,
    "context": "client",
    "identifier": "com.pa.judgmentday.ui",
    "display_name": "Judgment Day UI Mod",
    "build": "79317",
    "date": "2015/14/3",
    "description": "Icons for Judgement day. ",
    "author": "Zweistein000, BananamanAlucard",
    "category": [
        "in-game",
        "ui-mod"
    ],
    "version": "Inital release",
    "signature": "(not yet implemented)",
    "forum": "https://forums.uberent.com/threads/wip-judgment-day-server-mod.68122/",
    "icon": "https://farm8.staticflickr.com/7454/13126809294_eec76e7626_o.gif",
    "priority": 100
}