{
    "base_spec": "/pa/units/land/base_structure/base_structure.json",
    "display_name": "!LOC(units:advanced_laser_defense_tower.message):Advanced Laser Defense Tower",
    "description": "!LOC(units:advanced_turret_equipped_with_direct_fire_anti_land_and_anti_ship_defenses.message):Advanced turret- Equipped with direct fire anti-land, and anti-ship defenses.",
    "max_health": 500,
    "build_metal_cost": 15,
    "atrophy_rate": 15,
    "atrophy_cool_down": 15,
    "spawn_layers": "WL_AnyHorizontalGroundOrWaterSurface",
    "unit_types": [
        "UNITTYPE_Structure",
        "UNITTYPE_Basic",
        "UNITTYPE_Land",
        "UNITTYPE_SurfaceDefense",
        "UNITTYPE_Defense",
		"UNITTYPE_FabBuild",
        "UNITTYPE_FabAdvBuild"
    ],
    "command_caps": [
        "ORDER_Attack"
    ],
    "guard_layer": "WL_AnySurface",
    "recon": {
        "observer": {
            "items": [
                {
                    "layer": "surface_and_air",
                    "channel": "sight",
                    "shape": "capsule",
                    "radius": 150
                },
                {
                    "layer": "underwater",
                    "channel": "sight",
                    "shape": "capsule",
                    "radius": 150
                }
            ]
        }
    },
    "model": [
        {
            "layer": "WL_LandHorizontal",
            "filename": "/pa/units/land/laser_defense_adv/laser_defense_adv.papa",
            "animtree": "/pa/anim/anim_trees/defense_turret_adv_anim_tree.json",
            "skirt_decal": "/pa/effects/specs/skirt_defense_adv.json"
        },
        {
            "layer": "WL_WaterSurface",
            "filename": "/pa/units/sea/floating_laser_adv/floating_laser_adv.papa",
            "animtree": "/pa/anim/anim_trees/defense_turret_adv_anim_tree.json"
        }
    ],
    "tools": [
        {
            "spec_id": "/pa/units/land/laser_defense_adv/laser_defense_adv_tool_weapon.json",
            "aim_bone": "bone_pitch",
            "muzzle_bone": [
                "socket_rightMuzzle",
                "socket_centerMuzzle",
                "socket_leftMuzzle"
            ]
        }
    ],
    "events": {
        "build_complete": {
            "audio_cue": "/SE/Build_Complete/structure_small"
        },
        "fired": {
            "audio_cue": "/SE/Weapons/structure/laser_defense_ADV_fire",
            "effect_spec": "/pa/effects/specs/default_muzzle_flash.pfx socket_rightMuzzle /pa/effects/specs/default_muzzle_flash.pfx socket_centerMuzzle /pa/effects/specs/default_muzzle_flash.pfx socket_leftMuzzle"
        },
        "died": {
            "audio_cue": "/SE/Death/structure_small",
            "effect_scale": 0.75
        }
    },
    "mesh_bounds": [
        8,
        8,
        23
    ],
    "area_build_separation": 18,
    "TEMP_texelinfo": 15.3609
}