{
    "base_spec": "/pa/tools/base_laser_turret/base_laser_turret.json",
    "ammo_id": "/pa/units/land/laser_defense_adv/laser_defense_adv_ammo.json",
	"ammo_source": "energy",
    "rate_of_fire": 5,
	"ammo_capacity": 10,
    "ammo_demand": 1,
    "ammo_per_shot": 1,
    "max_range": 100,
    "yaw_rate": 120,
    "pitch_rate": 360,
    "yaw_range": 180,
    "pitch_range": 90,
    "auto_attack": true,
    "target_layers": [
        "WL_LandHorizontal",
        "WL_Seafloor",
        "WL_WaterSurface"
    ]
}