{
    "base_spec": "/pa/units/land/base_structure/base_structure.json",
    "display_name": "Depleted Uranium Block",
    "description": "Why Would You Make A Wall Of Depleted Uranium?",
    "max_health": 2500,
    "build_metal_cost": 50,
    "atrophy_rate": 0.416667,
    "atrophy_cool_down": 15,
    "wreckage_health_frac": 0,
    "spawn_layers": "WL_AnyHorizontalGroundOrWaterSurface",
    "mesh_bounds": [
        5,
        5,
        7
    ],
    "placement_size": [
        4,
        4
    ],
    "area_build_separation": 0.5,
    "unit_types": [
        "UNITTYPE_Structure",
        "UNITTYPE_Basic",
        "UNITTYPE_Wall",
        "UNITTYPE_FabBuild",
        "UNITTYPE_FabAdvBuild",
        "UNITTYPE_CmdBuild",
        "UNITTYPE_CombatFabBuild",
        "UNITTYPE_CombatFabAdvBuild"
    ],
    "physics": {
        "type": "Structure",
        "shape": "Box",
        "collision_layers": "WL_AnyHorizontalGroundOrWaterSurface",
        "radius": 1,
        "push_class": 255,
        "air_friction": 1,
        "allow_pushing": false,
        "push_sideways": false,
        "allow_underground": false,
        "ignore_collisions": false
    },
    "recon": {
        "observer": {
            "items": [
                {
                    "layer": "surface_and_air",
                    "channel": "sight",
                    "shape": "capsule",
                    "radius": 25
                }
            ]
        }
    },
    "model": [
        {
            "layer": "WL_LandHorizontal",
            "filename": "/pa/units/land/land_barrier/land_barrier.papa"
        },
        {
            "layer": "WL_WaterSurface",
            "filename": "/pa/units/sea/sea_barrier/sea_barrier.papa"
        }
    ],
    "events": {
        "build_complete": {
            "audio_cue": "/SE/Build_Complete/barrier"
        },
        "died": {
            "audio_cue": "/SE/Death/barrier",
            "effect_spec": "/pa/effects/specs/default_explosion.pfx",
            "effect_scale": 1.25
        }
    },
    "TEMP_texelinfo": 7.58193
}