{
  "base_spec": "/pa/tools/base_tool/base_turret.json",
  "ammo_id": "/pa/ammo/anti_missile/flak.json",
  "rate_of_fire": 0.2,
  "idle_aim_delay": 4,
  "max_range": 90,
  "yaw_rate": 360,
  "pitch_rate": 360,
  "yaw_range": 180,
  "pitch_range": 89,
  "spread_fire": true,
  "auto_attack": true,
  "manual_fire": true,
  "auto_task_type": "anti_entity",
  "anti_entity_targets": [
        "/pa/units/land/unit_cannon/unit_cannon_deploy.json",
    "/pa/units/land/tactical_missile_launcher/tactical_missile_launcher_cruise_ammo.json",
    "/pa/units/land/air_defense/air_defense_ammo.json",
    "/pa/units/air/fighter/fighter_ammo.json"	
  ],
  "target_layers": [
    "WL_Air"
  ]
}