{
    "base_spec": "/pa/ammo/base_missiles/base_missile_seeking.json",
    "flight_type": "Seeking",
    "damage": 400,
    "splash_damage": 0,
    "splash_radius": 0,
    "collision_check": "target",
    "collision_response": "destroy",
    "initial_velocity": 10,
    "max_velocity": 200,
    "lifetime": 3,
    "turn_rate": 720,
    "fx_trail": {
        "filename": "/pa/units/orbital/ion_defense/ion_defense_antidrop_ammo_trail.pfx",
        "offset": [
            0,
            1.4,
            0
        ]
    },
    "model": {
        "filename": "/pa/units/air/missile/missile.papa"
    }
}