{
    "base_spec": "/pa/units/land/base_structure/base_structure.json",
    "display_name": "!LOC(units:advanced_vehicle_factory.message):Advanced Vehicle Factory",
    "description": "!LOC(units:advanced_manufacturing_builds_land_vehicles.message):Advanced manufacturing- Builds land vehicles.",
    "max_health": 1000,
    "build_metal_cost": 50,
    "atrophy_rate": 80,
    "atrophy_cool_down": 15,
    "buildable_types": "Mobile & Tank & FactoryBuild",
    "rolloff_dirs": [
        [
            0,
            1,
            0
        ],
        [
            0,
            -1,
            0
        ]
    ],
    "wait_to_rolloff_time": 2,
    "factory_cooldown_time": 0,
    "unit_types": [
        "UNITTYPE_Factory",
        "UNITTYPE_Construction",
        "UNITTYPE_Land",
        "UNITTYPE_Tank",
        "UNITTYPE_Structure",
        "UNITTYPE_Advanced",
        "UNITTYPE_Important"
    ],
    "command_caps": [
        "ORDER_Move",
        "ORDER_Patrol",
        "ORDER_FactoryBuild",
        "ORDER_Reclaim",
        "ORDER_Repair",
        "ORDER_Attack",
        "ORDER_Assist",
        "ORDER_Use"
    ],
    "recon": {
        "observer": {
            "items": [
                {
                    "layer": "surface_and_air",
                    "channel": "sight",
                    "shape": "capsule",
                    "radius": 75
                }
            ]
        }
    },
    "model": {
        "filename": "/pa/units/land/vehicle_factory_adv/vehicle_factory_adv.papa",
        "animations": {
            "idle": "/pa/units/land/vehicle_factory_adv/vehicle_factory_adv_anim_build.papa",
            "build_start": "/pa/units/land/vehicle_factory_adv/vehicle_factory_adv_anim_start.papa",
            "build_loop": "/pa/units/land/vehicle_factory_adv/vehicle_factory_adv_anim_build.papa",
            "build_end": "/pa/units/land/vehicle_factory_adv/vehicle_factory_adv_anim_end.papa"
        },
        "animtree": "/pa/anim/anim_trees/factory_anim_tree.json",
        "skirt_decal": "/pa/effects/specs/skirt_02.json"
    },
    "tools": [
        {
            "spec_id": "/pa/units/land/vehicle_factory_adv/vehicle_factory_adv_build_arm.json",
            "aim_bone": "bone_root"
        }
    ],
    "events": {
        "died": {
            "effect_scale": 1.5
        }
    },
    "audio": {
        "loops": {
            "build": {
                "cue": "/SE/Construction/Factory_contruction_loop_veh",
                "flag": "build_target_changed",
                "should_start_func": "has_build_target",
                "should_stop_func": "no_build_target"
            }
        }
    },
    "fx_offsets": [
        {
            "type": "build",
            "filename": "/pa/effects/specs/fab_spray.pfx",
            "bone": "socket_nozzle01",
            "offset": [
                0,
                0,
                0
            ],
            "orientation": [
                0,
                0,
                0
            ]
        },
        {
            "type": "build",
            "filename": "/pa/effects/specs/fab_spray.pfx",
            "bone": "socket_nozzle02",
            "offset": [
                0,
                0,
                0
            ],
            "orientation": [
                0,
                0,
                0
            ]
        },
        {
            "type": "build",
            "filename": "/pa/effects/specs/fab_spray.pfx",
            "bone": "socket_nozzle03",
            "offset": [
                0,
                0,
                0
            ],
            "orientation": [
                0,
                0,
                0
            ]
        },
        {
            "type": "build",
            "filename": "/pa/effects/specs/fab_spray.pfx",
            "bone": "socket_nozzle04",
            "offset": [
                0,
                0,
                0
            ],
            "orientation": [
                0,
                0,
                0
            ]
        },
        {
            "type": "build",
            "filename": "/pa/effects/specs/fab_spray.pfx",
            "bone": "socket_nozzle05",
            "offset": [
                0,
                0,
                0
            ],
            "orientation": [
                0,
                0,
                0
            ]
        },
        {
            "type": "build",
            "filename": "/pa/effects/specs/fab_spray.pfx",
            "bone": "socket_nozzle06",
            "offset": [
                0,
                0,
                0
            ],
            "orientation": [
                0,
                0,
                0
            ]
        },
        {
            "type": "build",
            "filename": "/pa/effects/specs/fab_spray.pfx",
            "bone": "socket_nozzle07",
            "offset": [
                0,
                0,
                0
            ],
            "orientation": [
                0,
                0,
                0
            ]
        },
        {
            "type": "build",
            "filename": "/pa/effects/specs/fab_spray.pfx",
            "bone": "socket_nozzle08",
            "offset": [
                0,
                0,
                0
            ],
            "orientation": [
                0,
                0,
                0
            ]
        }
    ],
    "headlights": [
        {
            "gobo": "/pa/effects/textures/gobo/spotlight_gobo.papa",
            "offset": [
                0,
                0,
                30
            ],
            "orientation": [
                0,
                0,
                0
            ],
            "near_width": 30,
            "near_height": 30,
            "near_distance": 15,
            "far_distance": 30,
            "color": [
                1.5,
                1.52,
                1.6
            ],
            "debug": false
        }
    ],
    "lamps": [
        {
            "offset": [
                18.671,
                -17.929,
                15.64
            ],
            "radius": 8,
            "color": [
                0.1,
                1,
                0.1
            ],
            "intensity": 2
        },
        {
            "offset": [
                22.812,
                -17.929,
                11.32
            ],
            "radius": 8,
            "color": [
                0.1,
                1,
                0.1
            ],
            "intensity": 2
        },
        {
            "offset": [
                18.671,
                17.929,
                15.64
            ],
            "radius": 8,
            "color": [
                0.1,
                1,
                0.1
            ],
            "intensity": 2
        },
        {
            "offset": [
                22.812,
                17.929,
                11.32
            ],
            "radius": 8,
            "color": [
                0.1,
                1,
                0.1
            ],
            "intensity": 2
        },
        {
            "offset": [
                -17.05,
                25.28,
                5.68
            ],
            "radius": 4,
            "color": [
                1,
                0,
                0
            ],
            "intensity": 2
        },
        {
            "offset": [
                -17.05,
                -25.28,
                5.68
            ],
            "radius": 4,
            "color": [
                1,
                0,
                0
            ],
            "intensity": 2
        }
    ],
    "mesh_bounds": [
        50,
        50,
        23
    ],
    "placement_size": [
        50,
        50
    ],
    "area_build_separation": 7,
    "TEMP_texelinfo": 62.1789,
    "physics": {
        "collision_layers": "WL_AnyHorizontalGroundOrWaterSurface"
    }
}