{
    "base_spec": "/pa/ammo/base_artillery/base_artillery2.json",
    "damage": 250,
    "splash_damage": 250,
    "splash_radius": 50,
    "full_damage_splash_radius": 10,
    "splash_damages_allies": true,
    "initial_velocity": 150,
    "lifetime": 30,
    "burn_damage": 200,
    "burn_radius": 80,
	"impact_decals": [
      "/pa/effects/large_missile/nuke_tac_scorch.json"
    ], 
    "influence_radius": 400,
    "audio_loop": "/SE/Movement/missile/bot_tactical_missile_fly_loop",
    "events": {
        "died": {
            "audio_cue": "/SE/Impacts/missile_nuke",
            "effect_spec": "/pa/effects/large_missile/nuke_tac_explosion.pfx"
        }
    }
}