{
    "base_spec": "/pa/tools/base_missile_tactical_turret/base_missile_tactical_turret.json",
    "tool_type": "TOOL_Weapon",
    "ammo_id": "/pa/units/land/nuke_launcher/nuke_launcher_inter_ammo.json",
    "ammo_source": "factory",
    "rate_of_fire": 1,
    "max_range": 500000,
    "yaw_rate": 0,
    "pitch_rate": 0,
    "yaw_range": 180,
    "pitch_range": 180,
    "firing_arc_yaw": 180,
    "firing_arc_pitch": 180,
    "manual_fire": true,
    "auto_attack": false,
    "auto_task_type": "none",
    "lifetime": 60,
    "target_layers": [
        "WL_LandHorizontal",
        "WL_WaterSurface"
    ]
}