{
  "base_spec": "/pa/ammo/base_ammo/base_ammo.json",
  "flight_type": "Ballistic",
  "model": {
    "filename": ""
  },
  "fx_trail": {
    "filename": "/pa/effects/specs/bullet_proj_trail.pfx",
    "offset": [
      0,
      0,
      0
    ]
  },
  "events": {
    "died": {
      "audio_cue": "/SE/Impacts/shell_artillery",
      "effect_spec": "/pa/effects/specs/default_proj_flak_explosion.pfx"
    }
  },
  "damage": 20,
  "splash_damage": 10,
  "splash_radius": 20,
  "full_damage_splash_radius": 5,
  "lifetime": 0.225,
  "initial_velocity": 700,
  "max_velocity": 700
}