{
  "ammo_type": "PBAOE",
  "damage": 250,
  "splash_damage": 250,
  "splash_radius": 50,
  "full_damage_splash_radius": 10,
  "splash_damages_allies": true,
  "burn_damage": 200,
  "burn_radius": 80,
  "sim_fire_effect": "/pa/effects/large_missile/nuke_tac_ent.json",
  "impact_decals": [
    "/pa/effects/large_missile/nuke_tac_scorch.json"
  ],
  "damage_volume": {
    "initial_radius": 1,
    "radius_velocity": 30,
    "radius_accel": 0,
    "delay": 0,
    "burnable_remove_radius": 60
  },
  "armor_damage_map": {
    "AT_Mine": 0.00
  }
}