{
    "enabled": true,
    "context": "server",
    "identifier": "com.pa.judgmentday",
    "display_name": "Judgment Day",
    "build": "79380",
    "date": "20/3/2015",
    "description": "All the nukes, everywhere. Balanced for single planets. The mod is currently in beta.",
    "category": [
        "in-game",
        "server-mod"
    ],
    "author": "BananaManAlucard, Zweistein",
    "version": "Beta Hotfix",
    "signature": "(not yet implemented)",
    "forum": "https://forums.uberent.com/threads/wip-judgment-day-server-mod.68122/",
    "icon": "https://farm8.staticflickr.com/7454/13126809294_eec76e7626_o.gif",
    "priority": 100
}