{
    "base_spec": "/pa/tools/base_turret/base_turret.json",
    "tool_type": "TOOL_Weapon",
    "ammo_id": "/pa/ammo/missile_seeking/missile_seeking.json",
    "target_layers": [
        "WL_LandHorizontal",
        "WL_WaterSurface",
        "WL_Air"
    ],
    "rate_of_fire": 0.6,
    "max_range": 175,
    "yaw_rate": 90,
    "pitch_rate": 30,
    "yaw_range": 180,
    "pitch_range": 85,
    "auto_attack": true,
    "target_priorities": [
        "Air & Bomber",
        "Air & Gunship",
        "Air & Mobile"
    ]
}