{
    "base_spec": "/pa/units/sea/base_ship/base_ship.json",
    "display_name": "Sea quake",
    "description": "A torpedo boat with nuclear payload.",
    "max_health": 250,
    "build_metal_cost": 70,
    "spawn_layers": "WL_WaterSurface",
   "guard_layer": "WL_WaterSurface",
   "armor_type": "AT_Suicide",
    "command_caps": [
        "ORDER_Move",
        "ORDER_Attack",
        "ORDER_Assist",
        "ORDER_Use"
    ],
	    "production": {
        "metal": -1
    },
    "unit_types": [
        "UNITTYPE_Naval",
        "UNITTYPE_Scout",
        "UNITTYPE_Mobile",
        "UNITTYPE_Offense",
        "UNITTYPE_Basic",
        "UNITTYPE_FactoryBuild"
    ],
    "navigation": {
        "type": "deepwater",
        "acceleration": 75,
        "brake": 200,
        "move_speed": 20,
        "turn_speed": 180,
        "turn_in_place": false
    },
    "physics": {
        "radius": 6,
        "push_class": 2
    },
    "recon": {
        "observer": {
            "items": [
                {
                    "layer": "surface_and_air",
                    "channel": "sight",
                    "shape": "capsule",
                    "radius": 100
                },
                {
                    "layer": "underwater",
                    "channel": "sight",
                    "shape": "capsule",
                    "radius": 50
                }
            ]
        }
    },
    "model": {
        "filename": "/pa/units/sea/sea_scout/sea_scout2.papa"
    },
    "tools": [
        {
            "spec_id": "/pa/units/sea/sea_scout/sea_scout_tool_weapon.json",
      "muzzle_bone": "bone_root",
      "aim_bone": "bone_root"
    }
  ],
    "death_weapon": {
        "ground_ammo_spec": "/pa/ammo/self_destruct/basic_unit.json"
    },
    "events": {
        "build_complete": {
            "audio_cue": "/SE/Build_Complete/sea"
        },
        "fired": {
            "audio_cue": "/SE/Weapons/sea/sea_scout_fire"
        },
        "died": {
            "audio_cue": "/SE/Death/Sea",
            "effect_spec": "/pa/effects/specs/default_explosion.pfx",
            "effect_scale": 1.25
        }
    },
    "audio": {
        "loops": {
            "move": {
                "cue": "/SE/Movement/sea/sea_scout_ship_loop",
                "flag": "vel_changed",
                "should_start_func": "is_moving",
                "should_stop_func": "is_not_moving"
            }
        }
    },
    "TEMP_texelinfo": 4.24257,
    "mesh_bounds": [
        4,
        11,
        4
    ]
}