{
    "base_spec": "/pa/units/land/base_structure/base_structure.json",
    "display_name": "Fusion Energy Plant",
    "description": "Produces insane amounts of energy. Expect meltdowns.",
    "max_health": 250,
    "build_metal_cost": 30,
    "atrophy_rate": 45,
    "atrophy_cool_down": 15,
    "spawn_layers": "WL_AnyHorizontalGroundOrWaterSurface",
    "area_build_type": "Line",
    "production": {
        "energy": 50
    },
    "unit_types": [
        "UNITTYPE_Structure",
        "UNITTYPE_EnergyProduction",
        "UNITTYPE_Advanced",
        "UNITTYPE_FabAdvBuild",
        "UNITTYPE_Economy"
    ],
    "recon": {
        "observer": {
            "items": [
                {
                    "layer": "surface_and_air",
                    "channel": "sight",
                    "shape": "capsule",
                    "radius": 75
                }
            ]
        }
    },
    "death_weapon": {
        "ground_ammo_spec": "/pa/ammo/self_destruct/adv_pgen.json"
    },
    "model": [
        {
            "layer": "WL_LandHorizontal",
            "filename": "/pa/units/land/energy_plant_adv/energy_plant_adv.papa",
            "animations": {
                "idle": "/pa/units/land/energy_plant_adv/energy_plant_adv_anim_work.papa"
            },
            "animtree": "/pa/anim/anim_trees/constant_idle_anim_tree.json",
            "skirt_decal": "/pa/effects/specs/skirt_energy_adv.json"
        },
        {
            "layer": "WL_WaterSurface",
            "filename": "/pa/units/sea/sea_energy_plant_adv/sea_energy_plant_adv.papa",
            "animations": {
                "idle": "/pa/units/land/energy_plant_adv/energy_plant_adv_anim_work.papa"
            },
            "animtree": "/pa/anim/anim_trees/constant_idle_anim_tree.json"
        }
    ],
    "events": {
        "build_complete": {
            "audio_cue": "/SE/Build_Complete/energy"
        },
        "died": {
            "audio_cue": "/SE/Death/Factory",
            "effect_scale": 1.25
        }
    },
    "audio": {
        "selection_response": {
            "cue": "/SE/Selection/structure/energy"
        }
    },
    "fx_offsets": [
        {
            "type": "idle",
            "filename": "/pa/units/land/energy_plant_adv/energy_plant_adv_idle.pfx",
            "offset": [
                0,
                0,
                6.7
            ]
        }
    ],
    "headlights": [
        {
            "gobo": "/pa/effects/textures/gobo/spotlight_gobo.papa",
            "offset": [
                7.25,
                7.25,
                8
            ],
            "orientation": [
                35.25,
                -30,
                125.25
            ],
            "near_width": 4.4,
            "near_height": 4.4,
            "near_distance": 2,
            "far_distance": 25,
            "color": [
                1,
                1,
                1
            ],
            "intensity": 1
        },
        {
            "gobo": "/pa/effects/textures/gobo/spotlight_gobo.papa",
            "offset": [
                7.25,
                -7.25,
                8
            ],
            "orientation": [
                35.25,
                30,
                54.75
            ],
            "near_width": 4.4,
            "near_height": 4.4,
            "near_distance": 2,
            "far_distance": 25,
            "color": [
                1,
                1,
                1
            ],
            "intensity": 1
        },
        {
            "gobo": "/pa/effects/textures/gobo/spotlight_gobo.papa",
            "offset": [
                -7.25,
                -7.25,
                8
            ],
            "orientation": [
                -35.25,
                30,
                -54.75
            ],
            "near_width": 4.4,
            "near_height": 4.4,
            "near_distance": 2,
            "far_distance": 25,
            "color": [
                1,
                1,
                1
            ],
            "intensity": 1
        },
        {
            "gobo": "/pa/effects/textures/gobo/spotlight_gobo.papa",
            "offset": [
                -7.25,
                7.25,
                8
            ],
            "orientation": [
                -35.25,
                -30,
                -125.25
            ],
            "near_width": 4.4,
            "near_height": 4.4,
            "near_distance": 2,
            "far_distance": 25,
            "color": [
                1,
                1,
                1
            ],
            "intensity": 1
        }
    ],
    "lamps": [
        {
            "offset": [
                7.25,
                7.25,
                8
            ],
            "radius": 3,
            "color": [
                1,
                1,
                1
            ],
            "intensity": 2
        },
        {
            "offset": [
                7.25,
                -7.25,
                8
            ],
            "radius": 3,
            "color": [
                1,
                1,
                1
            ],
            "intensity": 2
        },
        {
            "offset": [
                -7.25,
                -7.25,
                8
            ],
            "radius": 3,
            "color": [
                1,
                1,
                1
            ],
            "intensity": 2
        },
        {
            "offset": [
                -7.25,
                7.25,
                8
            ],
            "radius": 3,
            "color": [
                1,
                1,
                1
            ],
            "intensity": 2
        },
        {
            "offset": [
                0,
                -4.15,
                2.3
            ],
            "radius": 4.5,
            "color": [
                1,
                1,
                1
            ],
            "intensity": 1,
            "bone": "bone_rotor02"
        },
        {
            "offset": [
                -3.59,
                2.08,
                2.3
            ],
            "radius": 4.5,
            "color": [
                1,
                1,
                1
            ],
            "intensity": 1,
            "bone": "bone_rotor02"
        },
        {
            "offset": [
                3.59,
                2.08,
                2.3
            ],
            "radius": 4.5,
            "color": [
                1,
                1,
                1
            ],
            "intensity": 1,
            "bone": "bone_rotor02"
        },
        {
            "offset": [
                0,
                7.43,
                22.97
            ],
            "radius": 4,
            "color": [
                1,
                0,
                0
            ],
            "intensity": 2
        }
    ],
    "mesh_bounds": [
        20,
        20,
        23.5
    ],
    "TEMP_texelinfo": 32.6108
}