{
    "audio_loop": "/SE/Movement/missile/bot_tactical_missile_fly_loop",
  "base_spec": "/pa/ammo/large_missile/cruise.json", 
  "build_metal_cost": 50, 
  "burn_damage": 200, 
  "burn_radius": 5, 
  "collision_check": "ground", 
  "cruise_height": 120,
  "damage": 100, 
  "damage_volume": {
    "burnable_remove_radius": 70, 
    "delay": 10, 
    "initial_radius": 10, 
    "radius_accel": 30, 
    "radius_velocity": 40
  }, 
  "description": "Tactical cruise missile. Shot down by flak.", 
  "display_name": "Cruise missile", 
  "flight_type": "Staged", 
  "full_damage_splash_radius": 10, 
  "fx_trail": {
    "filename": "/pa/units/air/missile_tactical/missile_tactical_trail.pfx",
    "offset": [
      0,
      4.6,
      0
    ]
  },
  "gravwell_velocity_multiplier": 20, 
  "initial_velocity": 80,
  "interplanetary_type": "INTER_System", 
  "lifetime": 0, 
  "max_velocity": 120, 
  "model": {
    "filename": "/pa/units/air/missile_tactical/missile_tactical.papa"
  },
  "physics": {
    "radius": 1,
    "push_class": 1,
    "gravity_scalar": 5,
    "ignore_gravity": true,
    "add_to_spatial_db": true
  },
  "spawn_layers": "WL_Air", 
  "splash_damage": 50, 
  "splash_damages_allies": true, 
  "splash_radius": 10, 
  "stages": [
    {
      "ignores_LOS": true, 
      "ignores_gravity": true, 
      "rotates_to_velocity": true, 
      "stage_duration": 600, 
      "stage_turn_rate": 0
    }, 
    {
      "ignores_LOS": true, 
      "ignores_gravity": true, 
      "rotates_to_velocity": true, 
      "stage_change_range": 75, 
      "stage_duration": 0, 
      "stage_turn_rate": 90
    }, 
    {
      "ignores_LOS": false, 
      "ignores_gravity": false, 
      "rotates_to_velocity": true, 
      "stage_duration": 5000, 
      "stage_turn_rate": 360
    }, 
    {
      "ignores_LOS": false, 
      "ignores_gravity": false, 
      "rotates_to_velocity": true, 
      "stage_duration": 5000, 
      "stage_turn_rate": 1080
    }
  ], 
  "system_velocity_multiplier": 20, 
  "turn_rate": 15, 
  "unit_types": [
    "UNITTYPE_Mobile", 
    "UNITTYPE_Orbital"
  ]
}