{
  "base_spec": "/pa/tools/torpedo/super_c.json",
  "ammo_id": "/pa/units/sea/sea_scout/sea_scout_ammo.json",
  "rate_of_fire": 0.2,
    "ammo_source": "energy",
    "ammo_capacity": 3000,
    "ammo_demand": 100,
    "ammo_per_shot": 3000,
  "max_range": 75,
  "yaw_rate": 360,
  "pitch_rate": 360,
  "yaw_range": 360,
  "pitch_range": 90,
  "firing_standard_deviation": 3,
  "auto_attack": true,
  "spread_fire": true,
  "target_layers": [
    "WL_WaterSurface",
    "WL_Underwater",
    "WL_Seafloor"
  ]
}