{
    "base_spec": "/pa/units/orbital/base_orbital/base_orbital.json",
    "display_name": "ARKYD",
    "description": "Spy satellite- Detects a large area for enemy land, sea, and air units. Radar Stealth.",
    "max_health": 100,
    "build_metal_cost": 800,
    "gravwell_velocity_multiplier": 6,
     "armor_type": "AT_Orbital",
    "attachable": {
        "offsets": {
            "root": [
                0,
                0,
                0
            ]
        }
    },
    "consumption": {
        "energy": 30
    },
    "energy_efficiency_requirement": 0.9,
    "unit_types": [
        "UNITTYPE_Mobile",
        "UNITTYPE_Orbital",
        "UNITTYPE_Basic",
        "UNITTYPE_Recon",
        "UNITTYPE_FactoryBuild"
    ],
    "command_caps": [
        "ORDER_Move",
        "ORDER_Patrol",
        "ORDER_Assist"
    ],
    "navigation": {
        "type": "orbital",
        "acceleration": 15,
        "brake": 15,
        "move_speed": 40,
        "turn_speed": 60,
        "hover_time": -1
    },
    "physics": {
        "radius": 5,
        "push_class": 50,
        "gravity_scalar": 0.001
    },
    "recon": {
    "observable": {
      "layer": "orbital",
      "ignore_radar": true,
	  "uses_energy": true
    },
        "observer": {
            "items": [
                {
                    "layer": "surface_and_air",
                    "channel": "sight",
                    "shape": "capsule",
                    "radius": 100,
                    "uses_energy": true
                },
                {
                    "layer": "orbital",
                    "channel": "sight",
                    "shape": "capsule",
                    "radius": 400
                }			
            ]
        }
    },
    "model": {
        "filename": "/pa/units/orbital/radar_satellite/radar_satellite.papa",
        "animations": {
            "open": "/pa/units/orbital/radar_satellite/radar_satellite_anim_open.papa",
            "deploy": "/pa/units/orbital/radar_satellite/radar_satellite_anim_deploy.papa",
            "closed": "/pa/units/orbital/radar_satellite/radar_satellite_anim_closed.papa"
        },
        "animtree": "/pa/anim/anim_trees/satellite_launched_anim_tree.json"
    },
    "events": {
        "build_complete": {
            "audio_cue": "/SE/Build_Complete/radar"
        },
        "fired": {
            "audio_cue": "/SE/Weapons/air/bomber_fire"
        },
        "died": {
            "audio_cue": "/SE/Death/radar"
        }
    },
    "fx_offsets": [
        {
            "type": "energy",
            "filename": "/pa/units/orbital/radar_satellite/radar_satellite_on.pfx",
            "bone": "bone_radar",
            "offset": [
                0,
                -1,
                0
            ],
            "orientation": [
                0,
                -90,
                0
            ]
        },
        {
            "type": "energy",
            "filename": "/pa/units/orbital/radar_satellite/radar_satellite_antenna_on.pfx",
            "bone": "bone_antenna01"
        },
        {
            "type": "energy",
            "filename": "/pa/units/orbital/radar_satellite/radar_satellite_antenna_on.pfx",
            "bone": "bone_antenna02"
        }
    ],
    "audio": {
        "selection_response": {
            "cue": "/SE/Selection/orbital/radar"
        }
    },
    "mesh_bounds": [
        20,
        20,
        15
    ],
    "TEMP_texelinfo": 10.6806
}