{
    "base_spec": "/pa/units/land/base_structure/base_structure.json",
    "display_name": "Orbital Launcher",
    "description": "Basic manufacturing- Builds and launches basic orbital units.",
    "max_health": 500,
    "build_metal_cost": 300,
    "atrophy_rate": 45,
    "atrophy_cool_down": 15,
    "buildable_types": "Orbital & FactoryBuild & Basic",
    "spawn_layers": "WL_AnyHorizontalGroundOrWaterSurface",
    "enable_orbital_shell": true,
    "wait_to_rolloff_time": 3,
    "factory": {
        "deploy_projectile": "/pa/units/orbital/orbital_launcher/orbital_launcher_deploy.json",
        "spawn_points": [
            "bone_missile01"
        ]
    },
    "unit_types": [
        "UNITTYPE_Orbital",
        "UNITTYPE_Factory",
        "UNITTYPE_Construction",
        "UNITTYPE_Structure",
        "UNITTYPE_Land",
        "UNITTYPE_FabBuild",
        "UNITTYPE_Basic",
        "UNITTYPE_Important"
    ],
    "command_caps": [
        "ORDER_Move",
        "ORDER_Patrol",
        "ORDER_FactoryBuild",
        "ORDER_Attack",
        "ORDER_Assist"
    ],
    "recon": {
        "observer": {
            "items": [
                {
                    "layer": "surface_and_air",
                    "channel": "sight",
                    "shape": "capsule",
                    "radius": 75
                },
                {
                    "layer": "orbital",
                    "channel": "radar",
                    "shape": "capsule",
                    "radius": 50
                }
            ]
        }
    },
    "model": [
        {
            "layer": "WL_LandHorizontal",
            "filename": "/pa/units/orbital/orbital_launcher/orbital_launcher.papa",
            "animations": {
                "build_start": "/pa/units/orbital/orbital_launcher/orbital_launcher_anim_start.papa",
                "build_loop": "/pa/units/orbital/orbital_launcher/orbital_launcher_anim_build.papa",
                "build_end": "/pa/units/orbital/orbital_launcher/orbital_launcher_anim_end.papa"
            },
            "animtree": "/pa/anim/anim_trees/factory_anim_tree.json",
            "skirt_decal": "/pa/effects/specs/skirt_orbital_launcher.json"
        },
        {
            "layer": "WL_WaterSurface",
            "filename": "/pa/units/sea/orbital_launcher/orbital_launcher.papa",
            "animations": {
                "build_start": "/pa/units/orbital/orbital_launcher/orbital_launcher_anim_start.papa",
                "build_loop": "/pa/units/orbital/orbital_launcher/orbital_launcher_anim_build.papa",
                "build_end": "/pa/units/orbital/orbital_launcher/orbital_launcher_anim_end.papa"
            },
            "animtree": "/pa/anim/anim_trees/factory_anim_tree.json"
        }
    ],
    "tools": [
        {
            "spec_id": "/pa/units/orbital/orbital_launcher/orbital_launcher_build_arm.json",
            "aim_bone": "bone_root"
        }
    ],
    "events": {
        "died": {
            "effect_scale": 2
        }
    },
    "audio": {
        "loops": {
            "build": {
                "cue": "/SE/Construction/Factory_contruction_loop_orb_launcher",
                "flag": "build_target_changed",
                "should_start_func": "has_build_target",
                "should_stop_func": "no_build_target"
            }
        }
    },
    "fx_offsets": [
        {
            "type": "build",
            "filename": "/pa/effects/specs/fab_spray.pfx",
            "bone": "socket_muzzle01",
            "offset": [
                0,
                0
            ],
            "orientation": [
                0,
                0,
                0
            ]
        },
        {
            "type": "build",
            "filename": "/pa/effects/specs/fab_spray.pfx",
            "bone": "socket_muzzle02",
            "offset": [
                0,
                0
            ],
            "orientation": [
                0,
                0,
                0
            ]
        }
    ],
    "headlights": [
        {
            "gobo": "/pa/effects/textures/gobo/spotlight_gobo.papa",
            "offset": [
                -8,
                0,
                5
            ],
            "orientation": [
                160,
                0,
                0
            ],
            "near_width": 4.5,
            "near_height": 4.5,
            "near_distance": 5,
            "far_distance": 40,
            "color": [
                1.5,
                1.52,
                1.6
            ],
            "intensity": 3,
            "bone": "bone_platform"
        },
        {
            "gobo": "/pa/effects/textures/gobo/spotlight_gobo.papa",
            "offset": [
                8,
                0,
                5
            ],
            "orientation": [
                -160,
                0,
                0
            ],
            "near_width": 4.5,
            "near_height": 4.5,
            "near_distance": 5,
            "far_distance": 40,
            "color": [
                1.5,
                1.52,
                1.6
            ],
            "intensity": 3,
            "bone": "bone_platform"
        },
        {
            "gobo": "/pa/effects/textures/gobo/spotlight_gobo.papa",
            "offset": [
                -5,
                -21.47,
                8.99
            ],
            "orientation": [
                0,
                35,
                0
            ],
            "near_width": 5.5,
            "near_height": 5.5,
            "near_distance": 2.5,
            "far_distance": 25,
            "color": [
                1,
                1,
                1
            ],
            "intensity": 3
        }
    ],
    "lamps": [
        {
            "offset": [
                -5,
                23.37,
                33.65
            ],
            "radius": 8,
            "color": [
                0.1,
                1,
                0.1
            ],
            "intensity": 2
        },
        {
            "offset": [
                -5,
                18.6,
                36.19
            ],
            "radius": 8,
            "color": [
                0.1,
                1,
                0.1
            ],
            "intensity": 2
        },
        {
            "offset": [
                1.57,
                13.49,
                9.7
            ],
            "radius": 4,
            "color": [
                1,
                0,
                0
            ],
            "intensity": 2
        },
        {
            "offset": [
                25.3,
                16.16,
                12.23
            ],
            "radius": 4,
            "color": [
                1,
                0,
                0
            ],
            "intensity": 2
        },
        {
            "offset": [
                -5,
                25.04,
                29.88
            ],
            "radius": 4,
            "color": [
                1,
                0,
                0
            ],
            "intensity": 2
        },
        {
            "offset": [
                -5,
                -21.47,
                8.99
            ],
            "radius": 5,
            "color": [
                1,
                1,
                1
            ],
            "intensity": 2
        },
        {
            "offset": [
                -5,
                7.5,
                58.92
            ],
            "radius": 3,
            "color": [
                1,
                1,
                1
            ],
            "intensity": 2
        },
        {
            "offset": [
                -5,
                12.88,
                58.92
            ],
            "radius": 3,
            "color": [
                1,
                1,
                1
            ],
            "intensity": 2
        },
        {
            "offset": [
                -2.38,
                10.25,
                58.92
            ],
            "radius": 3,
            "color": [
                1,
                1,
                1
            ],
            "intensity": 2
        },
        {
            "offset": [
                -7.55,
                10.25,
                58.92
            ],
            "radius": 3,
            "color": [
                1,
                1,
                1
            ],
            "intensity": 2
        },
        {
            "offset": [
                4.14,
                -10.278,
                0
            ],
            "radius": 4,
            "color": [
                1,
                1,
                1
            ],
            "intensity": 2,
            "bone": "bone_gantry01"
        },
        {
            "offset": [
                4.14,
                -10.278,
                0
            ],
            "radius": 4,
            "color": [
                1,
                1,
                1
            ],
            "intensity": 2,
            "bone": "bone_gantry02"
        }
    ],
    "TEMP_texelinfo": 63.4807,
    "mesh_bounds": [
        50.0454,
        50.0306,
        58
    ],
    "physics": {
        "collision_layers": "WL_AnyHorizontalGroundOrWaterSurface"
    }
}