{
    "base_spec": "/pa/tools/base_missile_tactical_turret/base_missile_tactical_turret.json",
    "ammo_id": "/pa/units/orbital/ion_defense/ion_defense_antidrop_ammo.json",
    "rate_of_fire": 2,
    "idle_aim_delay": 0.1,
    "max_range": 180,
    "yaw_rate": 0,
    "pitch_rate": 0,
    "yaw_range": 0,
    "pitch_range": 0,
    "firing_arc_yaw": 180,
    "firing_arc_pitch": 180,
    "spread_fire": true,
    "auto_attack": true,
    "manual_fire": true,
    "auto_task_type": "anti_entity",
    "anti_entity_targets": [
        "/pa/units/land/unit_cannon/unit_cannon_deploy.json"
    ],
    "target_layers": [
        "Orbital",
        "WL_Air"
    ]
}