{
    "base_spec": "/pa/units/orbital/base_orbital_structure/base_orbital_structure.json",
    "display_name": "!LOC(units:jig.message):Jig",
    "description": "!LOC(units:gas_mining_and_metal_creation_satellite_only_works_above_gas_giant_planets.message):Gas mining and metal creation satellite. Only works above gas giant planets.",
    "max_health": 500,
    "build_metal_cost": 1000,
    "spawn_layers": "WL_Orbital",
    "armor_type": "AT_Orbital",
    "area_build_type": "Sphere",
    "area_build_separation": 50,
    "build_restrictions": "Terrainless",
    "production": {
        "energy": -200,
        "metal": 10
    },
    "unit_types": [
        "UNITTYPE_Orbital",
        "UNITTYPE_FabOrbBuild",
        "UNITTYPE_EnergyProduction",
        "UNITTYPE_MetalProduction",
        "UNITTYPE_Structure",
        "UNITTYPE_Economy"
    ],
    "physics": {
        "radius": 20,
        "push_class": 50,
        "collision_layers": "WL_Orbital",
        "ignore_gravity": true
    },
    "recon": {
        "observer": {
            "items": [
                {
                    "layer": "orbital",
                    "channel": "sight",
                    "shape": "sphere",
                    "radius": 250
                }
            ]
        }
    },
    "model": {
        "filename": "/pa/units/orbital/mining_platform/mining_platform.papa",
        "animations": {
            "start": "/pa/units/orbital/mining_platform/mining_platform_anim_start.papa",
            "loop": "/pa/units/orbital/mining_platform/mining_platform_anim_loop.papa",
            "end": "/pa/units/orbital/mining_platform/mining_platform_anim_loop.papa"
        },
        "animtree": "/pa/anim/anim_trees/constant_idle_transition_anim_tree.json"
    },
    "audio": {
        "loops": {
            "enabled": {
                "cue": "/SE/Celestial/Planet_Engines_Loop",
                "flag": "enable_changed",
                "should_start_func": "is_enabled",
                "should_stop_func": "is_disabled"
            }
        }
    },
    "death_weapon": {
        "ground_ammo_spec": "/pa/ammo/nuke_pbaoe/nuke_orbitalpbaoe.json"
    },
    "fx_offsets": [
        {
            "type": "idle",
            "filename": "/pa/units/orbital/mining_platform/mining_platform_idle.pfx",
            "offset": [
                0,
                0,
                15.875
            ]
        },
        {
            "type": "idle",
            "filename": "/pa/units/orbital/mining_platform/mining_platform_idle_tip.pfx",
            "offset": [
                0,
                0,
                52.5
            ],
            "bone": "bone_hose07"
        }
    ],
    "lamps": [
        {
            "offset": [
                0,
                -4.15,
                0
            ],
            "radius": 4.5,
            "color": [
                1,
                1,
                1
            ],
            "intensity": 1,
            "bone": "bone_rotator02"
        },
        {
            "offset": [
                -3.59,
                2.08,
                0
            ],
            "radius": 4.5,
            "color": [
                1,
                1,
                1
            ],
            "intensity": 1,
            "bone": "bone_rotator02"
        },
        {
            "offset": [
                3.59,
                2.08,
                0
            ],
            "radius": 4.5,
            "color": [
                1,
                1,
                1
            ],
            "intensity": 1,
            "bone": "bone_rotator02"
        },
        {
            "offset": [
                0,
                7.43,
                24.87
            ],
            "radius": 4,
            "color": [
                1,
                0,
                0
            ],
            "intensity": 2
        },
        {
            "offset": [
                0,
                17.87,
                22
            ],
            "radius": 4,
            "color": [
                1,
                0,
                0
            ],
            "intensity": 2
        },
        {
            "offset": [
                20.5,
                0,
                0.6
            ],
            "radius": 6,
            "color": [
                1,
                1,
                1
            ],
            "intensity": 1
        },
        {
            "offset": [
                -20.5,
                0,
                0.6
            ],
            "radius": 6,
            "color": [
                1,
                1,
                1
            ],
            "intensity": 1
        }
    ],
    "events": {
        "build_complete": {
            "audio_cue": "/SE/Build_Complete/orbital_platform"
        },
        "died": {
            "audio_cue": "/SE/Impacts/missile_nuke",
            "effect_spec": "/pa/effects/specs/mining_platform_orbital_explosion.pfx",
            "effect_scale": 1
        }
    },
    "mesh_bounds": [
        50,
        50,
        50
    ],
    "placement_size": [
        100,
        100
    ],
    "TEMP_texelinfo": 72.293
}