{
  "base_spec": "/pa/ammo/base_ammo/base_ammo.json",
  "ammo_type": "Projectile",
  "model": {
    "filename": "/pa/ammo/large_missile/nuke_tac.papa"
  },
  "sim_impact_effect":"/pa/effects/large_missile/nuke_tac_ent.json",
  "impact_decals": [
    "/pa/effects/large_missile/nuke_tac_scorch.json"
  ],
  "audio_loop": "/SE/Movement/missile/nuke_missile_fly_loop",
  "fx_trail": {
    "filename": "/pa/units/air/missile_nuke/missile_nuke_trail.pfx",
    "offset": [
      0,
      6,
      0
    ]
  },
  "physics": {
    "radius": 10,
    "push_class": 1,
    "gravity_scalar": 3,
    "ignore_gravity": true,
    "add_to_spatial_db": true,
    "allow_underground": true
  },
  "flight_type": "Seeking",
  "splash_damages_allies": true,
  "turn_rate": 180,
  "damage": 250,
  "splash_damage": 250,
  "splash_radius": 50,
  "full_damage_splash_radius": 10,
  "lifetime": 5,
  "initial_velocity": 100,
  "max_velocity": 100,
  "burn_damage": 200,
  "burn_radius": 80
}