{
    "base_spec": "/pa/tools/base_laser_turret/base_laser_turret.json",
    "ammo_id": "/pa/units/orbital/ion_defense/ion_defense_ammo.json",
    "target_layers": [
        "WL_Orbital"
    ],
    "idle_aim_delay": 5,
  "ammo_source": "energy",
  "rate_of_fire": 1,
  "ammo_capacity": 40,
  "ammo_demand": 20,
  "ammo_per_shot": 20,
    "max_range": 150,
    "yaw_rate": 180,
    "pitch_rate": 180,
    "yaw_range": 180,
    "pitch_range": 180,
    "auto_attack": true,
    "target_priorities": [
        "Orbital"
    ]
}