{
    "base_spec": "/pa/ammo/base_missiles/base_missile_aa_seeking.json",
  "damage": 250,
  "splash_damage": 250,
  "splash_radius": 50,
  "full_damage_splash_radius": 10,
  "splash_damages_allies": true,
    "initial_velocity": 150,
    "max_velocity": 150,
    "turn_rate": 360,
    "lifetime": 2,
  "burn_damage": 200,
  "burn_radius": 80,
  "sim_impact_effect":"/pa/effects/large_missile/nuke_tac_ent.json",
  "impact_decals": [
    "/pa/effects/large_missile/nuke_tac_scorch.json"
  ],
    "model": {
        "filename": "/pa/units/air/atoa_missile/atoa_missile.papa"
    },
    "fx_trail": {
        "filename": "/pa/units/air/missile_tactical/missile_tactical_trail.pfx",
        "offset": [
            0,
            2.2,
            0
        ]
    },
	"physics": {
        "radius": 1,
        "push_class": 1,
        "gravity_scalar": 5,
        "ignore_gravity": true,
        "add_to_spatial_db": false
    },
  "damage_volume": {
    "initial_radius": 1,
    "radius_velocity": 30,
    "radius_accel": 0,
    "delay": 0,
    "burnable_remove_radius": 60
  }
}