{
  "base_spec": "/pa/tools/bomb/thermobaric.json",
  "ammo_id": "/pa/units/air/bomber_adv/bomber_adv_ammo.json",
  "ammo_source": "energy",
  "rate_of_fire": 3,
  "ammo_capacity": 15000,
  "ammo_demand": 500,
  "ammo_per_shot": 1500,
  "max_range": 4,
  "yaw_rate": 3600,
  "pitch_rate": 3600,
  "yaw_range": 180,
  "pitch_range": 180,
  "auto_attack": true,
  "spread_fire": false,
  "carpet_fire": true,
  "firing_standard_deviation": 25,
  "target_layers": [
    "WL_LandHorizontal",
    "WL_WaterSurface"
  ]
}