{
    "base_spec": "/pa/units/land/base_structure/base_structure.json",
    "display_name": "!LOC(units:metal_extractor.message):Metal Extractor",
    "description": "!LOC(units:basic_manufacturing_produces_metal_can_only_be_placed_on_metal_deposits.message):Basic manufacturing- Produces metal, can only be placed on metal deposits.",
    "max_health": 250,
    "build_metal_cost": 100,
    "atrophy_rate": 2.5,
    "atrophy_cool_down": 15,
    "spawn_layers": "WL_AnyHorizontalGroundOrWaterSurface",
    "feature_requirements": [
        "metal_spot"
    ],
    "area_build_type": "Sphere",
    "production": {
        "metal": 10
    },
    "consumption": {
        "energy": 0
    },
    "unit_types": [
        "UNITTYPE_Structure",
        "UNITTYPE_Basic",
        "UNITTYPE_MetalProduction",
        "UNITTYPE_CmdBuild",
        "UNITTYPE_FabBuild",
        "UNITTYPE_Economy"
    ],
    "recon": {
        "observer": {
            "items": [
                {
                    "layer": "surface_and_air",
                    "channel": "sight",
                    "shape": "capsule",
                    "radius": 75
                }
            ]
        }
    },
    "model": [
        {
            "layer": "WL_LandHorizontal",
            "filename": "/pa/units/land/metal_extractor/metal_extractor.papa",
            "animations": {
                "idle": "/pa/units/land/metal_extractor/metal_extractor_anim_work.papa"
            },
            "animtree": "/pa/anim/anim_trees/simple_building_anim_tree.json"
        },
        {
            "layer": "WL_WaterSurface",
            "filename": "/pa/units/sea/sea_metal_extractor/sea_metal_extractor.papa",
            "animations": {
                "idle": "/pa/units/sea/sea_metal_extractor/sea_metal_extractor_anim_work.papa"
            },
            "animtree": "/pa/anim/anim_trees/simple_building_anim_tree.json"
        }
    ],
    "replaceable_units": [
        "/pa/units/land/metal_extractor_adv/metal_extractor_adv.json"
    ],
    "events": {
        "build_complete": {
            "audio_cue": "/SE/Build_Complete/metal"
        },
        "died": {
            "audio_cue": "/SE/Death/Factory",
            "effect_scale": 0.75
        }
    },
    "audio": {
        "selection_response": {
            "cue": "/SE/Selection/structure/metal"
        }
    },
    "lamps": [
        {
            "offset": [
                -0.72,
                -1.922,
                6.515
            ],
            "radius": 2,
            "color": [
                1,
                1,
                1
            ],
            "intensity": 1
        }
    ],
    "mesh_bounds": [
        9.2,
        10.0407,
        23.5
    ],
    "placement_size": [
        20,
        16
    ],
    "TEMP_texelinfo": 15.0973
}