{
    "base_spec": "/pa/units/land/base_structure/base_structure.json",
    "display_name": "!LOC(units:nuclear_missile_launcher.message):Nuclear Missile Launcher",
    "description": "!LOC(units:nuclear_missile_launcher_equipped_with_advanced_long_range_large_area_damage_nuclear_missile.message):Nuclear missile launcher- Equipped with advanced long range, large area damage, nuclear missile.",
    "max_health": 500,
    "build_metal_cost": 90,
    "atrophy_rate": 240,
    "atrophy_cool_down": 15,
    "spawn_layers": "WL_AnyHorizontalGroundOrWaterSurface",
    "buildable_projectiles": [
        "/pa/units/land/nuke_launcher/nuke_launcher_ammo.json",
        "/pa/units/land/nuke_launcher/nuke_launcher_base_ammo.json"
    ],
    "factory": {
        "store_units": true,
        "spawn_points": [
            "bone_missile01"
        ],
        "initial_build_spec": "/pa/units/land/nuke_launcher/nuke_launcher_base_ammo.json",
        "default_build_stance": "Continuous"
    },
    "unit_types": [
        "UNITTYPE_Land",
        "UNITTYPE_Structure",
        "UNITTYPE_Offense",
        "UNITTYPE_Advanced",
        "UNITTYPE_Nuke",
        "UNITTYPE_Factory",
        "UNITTYPE_FabAdvBuild",
        "UNITTYPE_Important"
    ],
    "command_caps": [
        "ORDER_FactoryBuild",
        "ORDER_Attack"
    ],
    "recon": {
        "observer": {
            "items": [
                {
                    "layer": "surface_and_air",
                    "channel": "sight",
                    "shape": "capsule",
                    "radius": 75
                }
            ]
        }
    },
    "model": [
        {
            "layer": "WL_LandHorizontal",
            "filename": "/pa/units/land/nuke_launcher/nuke_launcher.papa",
            "animations": {
                "build_start": "/pa/units/land/nuke_launcher/nuke_launcher_anim_buildStart.papa",
                "build_loop": "/pa/units/land/nuke_launcher/nuke_launcher_anim_buildLoop.papa",
                "build_end": "/pa/units/land/nuke_launcher/nuke_launcher_anim_buildEnd.papa",
                "fire_start": "/pa/units/land/nuke_launcher/nuke_launcher_anim_fireStart.papa",
                "fire_loop": "/pa/units/land/nuke_launcher/nuke_launcher_anim_fireLoop.papa",
                "fire_end": "/pa/units/land/nuke_launcher/nuke_launcher_anim_fireEnd.papa"
            },
            "animtree": "/pa/anim/anim_trees/missile_launcher_anim_tree.json",
            "skirt_decal": "/pa/effects/specs/skirt_nuke.json"
        },
        {
            "layer": "WL_WaterSurface",
            "filename": "/pa/units/sea/nuke_launcher/nuke_launcher.papa",
            "animations": {
                "build_start": "/pa/units/land/nuke_launcher/nuke_launcher_anim_buildStart.papa",
                "build_loop": "/pa/units/land/nuke_launcher/nuke_launcher_anim_buildLoop.papa",
                "build_end": "/pa/units/land/nuke_launcher/nuke_launcher_anim_buildEnd.papa",
                "fire_start": "/pa/units/land/nuke_launcher/nuke_launcher_anim_fireStart.papa",
                "fire_loop": "/pa/units/land/nuke_launcher/nuke_launcher_anim_fireLoop.papa",
                "fire_end": "/pa/units/land/nuke_launcher/nuke_launcher_anim_fireEnd.papa"
            },
            "animtree": "/pa/anim/anim_trees/missile_launcher_anim_tree.json"
        }
    ],
    "tools": [
        {
            "spec_id": "/pa/units/land/nuke_launcher/nuke_launcher_tool_weapon.json",
            "aim_bone": "bone_root"
        },
        {
            "spec_id": "/pa/units/land/nuke_launcher/nuke_launcher_base_tool_weapon.json",
            "aim_bone": "bone_root"
        },
        {
            "spec_id": "/pa/units/land/nuke_launcher/nuke_launcher_build_arm.json",
            "aim_bone": "bone_root"
        }
    ],
    "death_weapon": {
        "ground_ammo_spec": "/pa/ammo/self_destruct/Sub_death.json"
    },
    "events": {
        "build_complete": {
            "audio_cue": "/SE/Build_Complete/factory"
        },
        "fired": {
            "audio_cue": "/SE/Weapons/structure/nuke_launcher_fire",
            "effect_spec": "/pa/units/land/nuke_launcher/nuke_launcher_launch.pfx"
        },
        "died": {
            "audio_cue": "/SE/Death/Factory"
        }
    },
    "audio": {
        "loops": {
            "build": {
                "cue": "/SE/Construction/Factory_contruction_loop_nuke",
                "flag": "build_target_changed",
                "should_start_func": "has_build_target",
                "should_stop_func": "no_build_target"
            }
        },
        "selection_response": {
            "cue": "/SE/Selection/structure/nuke"
        }
    },
    "fx_offsets": [
        {
            "type": "build",
            "filename": "/pa/effects/specs/fab_spray.pfx",
            "bone": "socket_muzzle01",
            "offset": [
                0,
                0,
                0
            ],
            "orientation": [
                0,
                0,
                0
            ]
        }
    ],
    "lamps": [
        {
            "offset": [
                0.06,
                1.06,
                -0.01
            ],
            "radius": 2,
            "color": [
                0.1,
                1,
                0.1
            ],
            "intensity": 2,
            "bone": "bone_armBase"
        },
        {
            "offset": [
                -2.36,
                0,
                -1.78
            ],
            "radius": 4,
            "color": [
                0.1,
                1,
                0.1
            ],
            "intensity": 2,
            "bone": "bone_armElbow"
        },
        {
            "offset": [
                2.8,
                2.8,
                5.6
            ],
            "radius": 3.5,
            "color": [
                1,
                1,
                1
            ],
            "intensity": 5
        },
        {
            "offset": [
                2.8,
                -2.8,
                5.6
            ],
            "radius": 3.5,
            "color": [
                1,
                1,
                1
            ],
            "intensity": 5
        },
        {
            "offset": [
                -2.8,
                2.8,
                5.6
            ],
            "radius": 3.5,
            "color": [
                1,
                1,
                1
            ],
            "intensity": 5
        },
        {
            "offset": [
                -2.8,
                -2.8,
                5.6
            ],
            "radius": 3.5,
            "color": [
                1,
                1,
                1
            ],
            "intensity": 5
        }
    ],
    "mesh_bounds": [
        14,
        14,
        18
    ],
    "TEMP_texelinfo": 19.5004
}