{
    "base_spec": "/pa/tools/base_artillery_turret/base_artillery_turret.json",
    "ammo_id": "/pa/units/land/air_defense/air_defense_ammo.json",
    "rate_of_fire": 0.75,
    "max_firing_velocity": 150,
    "min_firing_velocity": 100,
    "ammo_source": "energy",
    "ammo_capacity": 500,
    "ammo_demand": 50,
    "ammo_per_shot": 250,
    "max_range": 150,
    "yaw_rate": 30,
    "pitch_rate": 30,
    "yaw_range": 180,
    "pitch_range": 89.9,
    "firing_arc_yaw": 0,
    "firing_arc_pitch": 5,
    "auto_attack": true,
    "firing_standard_deviation": 0.25,
    "physics": {
        "radius": 1,
        "push_class": 1,
        "gravity_scalar": 1,
        "add_to_spatial_db": true
    },
    "target_layers": [
        "WL_LandHorizontal",
        "WL_Seafloor",
        "WL_WaterSurface",
        "WL_Underwater"
    ]
}