{
    "tool_type": "TOOL_Weapon",
    "ammo_id": "/pa/units/land/tank_heavy_armor/tank_heavy_armor_ammo.json",
    "rate_of_fire": 5,
    "idle_aim_delay": 0,
    "max_range": 10,
    "yaw_rate": 0,
    "pitch_rate": 0,
    "yaw_range": 0,
    "pitch_range": 0,
    "firing_arc_yaw": 360,
    "firing_arc_pitch": 360,
	"self_destruct": true,
    "auto_attack": true,
	"no_busy_auto_attack": true,
    "target_layers": [
        "WL_LandHorizontal",
        "WL_WaterSurface"
    ]
}