{
  "ammo_type": "AMMO_Projectile",
  "flight_type": "Ballistic",
  "flight_layer": "Air",
  "spawn_layers": "WL_Air",
  "model": {
    "filename": ""
  },
  "fx_trail": {
    "filename": "/pa/effects/specs/placeholder_proj_trail.pfx",
    "offset": [
      0,
      0,
      0
    ]
  },
  "events": {
    "died": {
      "effect_spec": "/pa/effects/specs/default_proj_explosion.pfx"
    }
  },
  "physics": {
    "type": "Projectile",
    "radius": 1,
    "push_class": 1,
    "gravity_scalar": 3,
    "add_to_spatial_db": false,
    "allow_underground": true
  },
  "damage": 0,
  "splash_damage": 0,
  "splash_radius": 0,
  "splash_damages_allies": false,
  "lifetime": 8,
  "initial_velocity": 1,
  "max_velocity": 1,
  "turn_rate": 0,
  "burn_damage": 15,
  "burn_radius": 2,
  "burn_duration": 2.5
}