{
    "base_spec": "/pa/units/land/base_bot/base_bot.json",
    "display_name": "!LOC(units:advanced_fabrication_bot.message):Advanced Fabrication Bot",
    "description": "!LOC(units:advanced_fabricator_wired_to_build_structures.message):Advanced fabricator- Wired to build structures.",
    "max_health": 100,
    "spawn_layers": "WL_LandHorizontal",
    "build_metal_cost": 200,
    "attachable": {
        "offsets": {
            "root": [
                0,
                0,
                0
            ],
            "head": [
                0,
                0.25,
                4.5
            ]
        }
    },
    "buildable_types": "Land & Structure & Advanced - Factory| Factory & Advanced & Bot & Land | FabAdvBuild | FabBuild | Orbital",
    "unit_types": [
        "UNITTYPE_Fabber",
        "UNITTYPE_Construction",
        "UNITTYPE_Bot",
        "UNITTYPE_Mobile",
        "UNITTYPE_Land",
        "UNITTYPE_Advanced",
        "UNITTYPE_FactoryBuild",
        "UNITTYPE_CannonBuildable"
    ],
    "command_caps": [
        "ORDER_Move",
        "ORDER_Patrol",
        "ORDER_Build",
        "ORDER_Reclaim",
        "ORDER_Repair",
        "ORDER_Assist",
        "ORDER_Use"
    ],
    "transportable": {
        "size": 1
    },
    "guard_layer": "WL_LandHorizontal",
    "navigation": {
        "type": "amphibious",
        "acceleration": 120,
        "brake": 120,
        "move_speed": 15,
        "turn_speed": 720,
        "group_preference": "back"
    },
    "physics": {
        "radius": 4,
        "push_class": 101,
        "allow_pushing": true
    },
    "recon": {
        "observer": {
            "items": [
                {
                    "layer": "surface_and_air",
                    "channel": "sight",
                    "shape": "capsule",
                    "radius": 125
                },
                {
                    "layer": "underwater",
                    "channel": "sight",
                    "shape": "capsule",
                    "radius": 50
                },
                {
                    "layer": "mine",
                    "channel": "sight",
                    "shape": "capsule",
                    "radius": 50
                }
            ]
        }
    },
    "model": {
        "filename": "/pa/units/land/fabrication_bot_adv/fabrication_bot_adv.papa",
        "animations": {
            "death01": "/pa/units/land/fabrication_bot_adv/fabrication_bot_adv_anim_death01.papa",
            "idle": "/pa/units/land/fabrication_bot_adv/fabrication_bot_adv_anim_idle.papa",
            "walk": "/pa/units/land/fabrication_bot_adv/fabrication_bot_adv_anim_run.papa",
            "aim_up": "/pa/units/land/fabrication_bot_adv/fabrication_bot_adv_anim_aimUp.papa",
            "aim_down": "/pa/units/land/fabrication_bot_adv/fabrication_bot_adv_anim_aimDown.papa"
        },
        "animtree": "/pa/anim/anim_trees/fabrication_bipedal_mech_anim_tree.json",
        "walk_speed": 4.9
    },
    "tools": [
        {
            "spec_id": "/pa/units/land/fabrication_bot_adv/fabrication_bot_adv_build_arm.json",
            "aim_bone": "bone_root"
        }
    ],
    "events": {
        "build_complete": {
            "audio_cue": "/SE/Build_Complete/fab"
        },
        "died": {
            "audio_cue": "/SE/Death/Bot",
            "effect_scale": 1
        }
    },
    "audio": {
        "loops": {
            "build": {
                "cue": "/SE/Construction/Fab_contruction_beam_loop",
                "flag": "build_target_changed",
                "should_start_func": "has_build_target",
                "should_stop_func": "no_build_target"
            },
            "move": {
                "cue": "/SE/Movement/bot/T2_fab_loop",
                "flag": "vel_changed",
                "should_start_func": "is_moving",
                "should_stop_func": "is_not_moving"
            }
        },
        "selection_response": {
            "cue": "/SE/Selection/bot/T2_fab"
        }
    },
    "fx_offsets": [
        {
            "type": "build",
            "filename": "/pa/effects/specs/fab_spray.pfx",
            "bone": "socket_rightMuzzle",
            "offset": [
                0,
                0,
                0
            ],
            "orientation": [
                0,
                0,
                0
            ]
        },
        {
            "type": "build",
            "filename": "/pa/effects/specs/fab_spray.pfx",
            "bone": "socket_leftMuzzle",
            "offset": [
                0,
                0,
                0
            ],
            "orientation": [
                0,
                0,
                0
            ]
        }
    ],
    "TEMP_texelinfo": 6.38702,
    "mesh_bounds": [
        6,
        6,
        5
    ]
}